＼,"[132, 0, 0, 0, 0, 0, 0, 0, 0, 0]"
２,"[86, 0, 0, 0, 0, 0, 0, 0, 0, 0]"
　,"[141, 0, 0, 0, 0, 0, 0, 0, 0, 0]"
「,"[163, 0, 0, 0, 0, 0, 0, 0, 0, 0]"
私,"[1, 0, 0, 0, 0, 0, 0, 0, 0, 0]"
の,"[1536, 0, 0, 0, 0, 0, 0, 0, 0, 0]"
大切,"[9, 0, 0, 0, 0, 0, 0, 0, 0, 0]"
に,"[416, 0, 0, 0, 0, 0, 0, 0, 0, 0]"
し,"[63, 0, 0, 0, 0, 0, 0, 0, 0, 0]"
たい,"[3, 0, 0, 0, 0, 0, 0, 0, 0, 0]"
は,"[426, 0, 0, 0, 0, 0, 0, 0, 0, 0]"
／,"[163, 0, 0, 0, 0, 0, 0, 0, 0, 0]"
その,"[13, 0, 0, 0, 0, 0, 0, 0, 0, 0]"
国,"[9, 0, 0, 0, 0, 0, 0, 0, 0, 0]"
大き,"[1, 0, 0, 0, 0, 0, 0, 0, 0, 0]"
さ,"[38, 0, 0, 0, 0, 0, 0, 0, 0, 0]"
で,"[94, 0, 0, 0, 0, 0, 0, 0, 0, 0]"
も,"[116, 0, 0, 0, 0, 0, 0, 0, 0, 0]"
繁栄,"[1, 0, 0, 0, 0, 0, 0, 0, 0, 0]"
ない,"[17, 0, 0, 0, 0, 0, 0, 0, 0, 0]"
はごく,"[1, 0, 0, 0, 0, 0, 0, 0, 0, 0]"
小さく,"[1, 0, 0, 0, 0, 0, 0, 0, 0, 0]"
て,"[52, 0, 0, 0, 0, 0, 0, 0, 0, 0]"
いい,"[2, 0, 0, 0, 0, 0, 0, 0, 0, 0]"
すこし,"[1, 0, 0, 0, 0, 0, 0, 0, 0, 0]"
武器,"[1, 0, 0, 0, 0, 0, 0, 0, 0, 0]"
らしい,"[1, 0, 0, 0, 0, 0, 0, 0, 0, 0]"
もの,"[50, 0, 0, 0, 0, 0, 0, 0, 0, 0]"
を,"[405, 0, 0, 0, 0, 0, 0, 0, 0, 0]"
持つ,"[1, 0, 0, 0, 0, 0, 0, 0, 0, 0]"
が,"[228, 0, 0, 0, 0, 0, 0, 0, 0, 0]"
誰,"[2, 0, 0, 0, 0, 0, 0, 0, 0, 0]"
（,"[250, 0, 0, 0, 0, 0, 0, 0, 0, 0]"
だれ,"[1, 0, 0, 0, 0, 0, 0, 0, 0, 0]"
）,"[250, 0, 0, 0, 0, 0, 0, 0, 0, 0]"
使お,"[1, 0, 0, 0, 0, 0, 0, 0, 0, 0]"
う,"[4, 0, 0, 0, 0, 0, 0, 0, 0, 0]"
と,"[141, 0, 0, 0, 0, 0, 0, 0, 0, 0]"
しない,"[4, 0, 0, 0, 0, 0, 0, 0, 0, 0]"
」,"[163, 0, 0, 0, 0, 0, 0, 0, 0, 0]"
▲,"[50, 0, 0, 0, 0, 0, 0, 0, 0, 0]"
あれあれ,"[1, 0, 0, 0, 0, 0, 0, 0, 0, 0]"
、,"[657, 0, 0, 0, 0, 0, 0, 0, 0, 0]"
これから,"[2, 0, 0, 0, 0, 0, 0, 0, 0, 0]"
日本,"[4, 0, 0, 0, 0, 0, 0, 0, 0, 0]"
ある,"[11, 0, 0, 0, 0, 0, 0, 0, 0, 0]"
べき,"[4, 0, 0, 0, 0, 0, 0, 0, 0, 0]"
姿,"[2, 0, 0, 0, 0, 0, 0, 0, 0, 0]"
か,"[2, 0, 0, 0, 0, 0, 0, 0, 0, 0]"
な,"[29, 0, 0, 0, 0, 0, 0, 0, 0, 0]"
思っ,"[1, 0, 0, 0, 0, 0, 0, 0, 0, 0]"
たら,"[1, 0, 0, 0, 0, 0, 0, 0, 0, 0]"
古代,"[1, 0, 0, 0, 0, 0, 0, 0, 0, 0]"
中国,"[4, 0, 0, 0, 0, 0, 0, 0, 0, 0]"
哲学者,"[1, 0, 0, 0, 0, 0, 0, 0, 0, 0]"
老子,"[81, 0, 0, 0, 0, 0, 0, 0, 0, 0]"
言葉,"[1, 0, 0, 0, 0, 0, 0, 0, 0, 0]"
だっ,"[3, 0, 0, 0, 0, 0, 0, 0, 0, 0]"
た,"[279, 0, 0, 0, 0, 0, 0, 0, 0, 0]"
。,"[355, 0, 0, 0, 0, 0, 0, 0, 0, 0]"
そこ,"[1, 0, 0, 0, 0, 0, 0, 0, 0, 0]"
住む,"[1, 0, 0, 0, 0, 0, 0, 0, 0, 0]"
人,"[1, 0, 0, 0, 0, 0, 0, 0, 0, 0]"
みんな,"[1, 0, 0, 0, 0, 0, 0, 0, 0, 0]"
生きること,"[1, 0, 0, 0, 0, 0, 0, 0, 0, 0]"
死ぬ,"[1, 0, 0, 0, 0, 0, 0, 0, 0, 0]"
こと,"[10, 0, 0, 0, 0, 0, 0, 0, 0, 0]"
する,"[34, 0, 0, 0, 0, 0, 0, 0, 0, 0]"
から,"[8, 0, 0, 0, 0, 0, 0, 0, 0, 0]"
船,"[1, 0, 0, 0, 0, 0, 0, 0, 0, 0]"
や,"[5, 0, 0, 0, 0, 0, 0, 0, 0, 0]"
車,"[1, 0, 0, 0, 0, 0, 0, 0, 0, 0]"
遠く,"[1, 0, 0, 0, 0, 0, 0, 0, 0, 0]"
とびだし,"[1, 0, 0, 0, 0, 0, 0, 0, 0, 0]"
たり,"[1, 0, 0, 0, 0, 0, 0, 0, 0, 0]"
という,"[25, 0, 0, 0, 0, 0, 0, 0, 0, 0]"
くだり,"[1, 0, 0, 0, 0, 0, 0, 0, 0, 0]"
詩人,"[1, 0, 0, 0, 0, 0, 0, 0, 0, 0]"
加島,"[9, 0, 0, 0, 0, 0, 0, 0, 0, 0]"
祥造,"[1, 0, 0, 0, 0, 0, 0, 0, 0, 0]"
さん,"[41, 0, 0, 0, 0, 0, 0, 0, 0, 0]"
訳し,"[1, 0, 0, 0, 0, 0, 0, 0, 0, 0]"
一節,"[1, 0, 0, 0, 0, 0, 0, 0, 0, 0]"
だ,"[20, 0, 0, 0, 0, 0, 0, 0, 0, 0]"
数年前,"[1, 0, 0, 0, 0, 0, 0, 0, 0, 0]"
旅行,"[1, 0, 0, 0, 0, 0, 0, 0, 0, 0]"
先,"[2, 0, 0, 0, 0, 0, 0, 0, 0, 0]"
何気なく,"[1, 0, 0, 0, 0, 0, 0, 0, 0, 0]"
英訳,"[4, 0, 0, 0, 0, 0, 0, 0, 0, 0]"
本,"[4, 0, 0, 0, 0, 0, 0, 0, 0, 0]"
手,"[2, 0, 0, 0, 0, 0, 0, 0, 0, 0]"
出会い,"[1, 0, 0, 0, 0, 0, 0, 0, 0, 0]"
いう,"[4, 0, 0, 0, 0, 0, 0, 0, 0, 0]"
信州,"[1, 0, 0, 0, 0, 0, 0, 0, 0, 0]"
・,"[28, 0, 0, 0, 0, 0, 0, 0, 0, 0]"
伊那谷,"[16, 0, 0, 0, 0, 0, 0, 0, 0, 0]"
山荘,"[1, 0, 0, 0, 0, 0, 0, 0, 0, 0]"
こもり,"[1, 0, 0, 0, 0, 0, 0, 0, 0, 0]"
十,"[1, 0, 0, 0, 0, 0, 0, 0, 0, 0]"
数,"[2, 0, 0, 0, 0, 0, 0, 0, 0, 0]"
冊,"[1, 0, 0, 0, 0, 0, 0, 0, 0, 0]"
もと,"[1, 0, 0, 0, 0, 0, 0, 0, 0, 0]"
翻訳,"[1, 0, 0, 0, 0, 0, 0, 0, 0, 0]"
進め,"[1, 0, 0, 0, 0, 0, 0, 0, 0, 0]"
古めかしい,"[1, 0, 0, 0, 0, 0, 0, 0, 0, 0]"
驚く,"[1, 0, 0, 0, 0, 0, 0, 0, 0, 0]"
ほど,"[1, 0, 0, 0, 0, 0, 0, 0, 0, 0]"
若返っ,"[1, 0, 0, 0, 0, 0, 0, 0, 0, 0]"
今日,"[1, 0, 0, 0, 0, 0, 0, 0, 0, 0]"
的,"[7, 0, 0, 0, 0, 0, 0, 0, 0, 0]"
なっ,"[1, 0, 0, 0, 0, 0, 0, 0, 0, 0]"
あくまでも,"[1, 0, 0, 0, 0, 0, 0, 0, 0, 0]"
頑張る,"[1, 0, 0, 0, 0, 0, 0, 0, 0, 0]"
軍隊,"[1, 0, 0, 0, 0, 0, 0, 0, 0, 0]"
全滅,"[1, 0, 0, 0, 0, 0, 0, 0, 0, 0]"
木,"[1, 0, 0, 0, 0, 0, 0, 0, 0, 0]"
堅く,"[1, 0, 0, 0, 0, 0, 0, 0, 0, 0]"
突,"[1, 0, 0, 0, 0, 0, 0, 0, 0, 0]"
立っ,"[1, 0, 0, 0, 0, 0, 0, 0, 0, 0]"
風,"[1, 0, 0, 0, 0, 0, 0, 0, 0, 0]"
折れる,"[1, 0, 0, 0, 0, 0, 0, 0, 0, 0]"
しなやか,"[1, 0, 0, 0, 0, 0, 0, 0, 0, 0]"
柔らか,"[9, 0, 0, 0, 0, 0, 0, 0, 0, 0]"
弱く,"[1, 0, 0, 0, 0, 0, 0, 0, 0, 0]"
繊細,"[1, 0, 0, 0, 0, 0, 0, 0, 0, 0]"
こそ,"[4, 0, 0, 0, 0, 0, 0, 0, 0, 0]"
上,"[1, 0, 0, 0, 0, 0, 0, 0, 0, 0]"
位置,"[1, 0, 0, 0, 0, 0, 0, 0, 0, 0]"
占め,"[1, 0, 0, 0, 0, 0, 0, 0, 0, 0]"
花,"[1, 0, 0, 0, 0, 0, 0, 0, 0, 0]"
咲かせる,"[1, 0, 0, 0, 0, 0, 0, 0, 0, 0]"
なのだ,"[1, 0, 0, 0, 0, 0, 0, 0, 0, 0]"
文章,"[1, 0, 0, 0, 0, 0, 0, 0, 0, 0]"
少々,"[1, 0, 0, 0, 0, 0, 0, 0, 0, 0]"
突っ張り,"[1, 0, 0, 0, 0, 0, 0, 0, 0, 0]"
すぎ,"[1, 0, 0, 0, 0, 0, 0, 0, 0, 0]"
体験,"[1, 0, 0, 0, 0, 0, 0, 0, 0, 0]"
雑誌,"[1, 0, 0, 0, 0, 0, 0, 0, 0, 0]"
学,"[1, 0, 0, 0, 0, 0, 0, 0, 0, 0]"
燈,"[1, 0, 0, 0, 0, 0, 0, 0, 0, 0]"
連載,"[1, 0, 0, 0, 0, 0, 0, 0, 0, 0]"
れ,"[3, 0, 0, 0, 0, 0, 0, 0, 0, 0]"
『,"[6, 0, 0, 0, 0, 0, 0, 0, 0, 0]"
』,"[6, 0, 0, 0, 0, 0, 0, 0, 0, 0]"
詳しい,"[1, 0, 0, 0, 0, 0, 0, 0, 0, 0]"
服,"[1, 0, 0, 0, 0, 0, 0, 0, 0, 0]"
伝説,"[1, 0, 0, 0, 0, 0, 0, 0, 0, 0]"
人物,"[1, 0, 0, 0, 0, 0, 0, 0, 0, 0]"
より,"[6, 0, 0, 0, 0, 0, 0, 0, 0, 0]"
レーンコート,"[1, 0, 0, 0, 0, 0, 0, 0, 0, 0]"
着,"[1, 0, 0, 0, 0, 0, 0, 0, 0, 0]"
英語,"[1, 0, 0, 0, 0, 0, 0, 0, 0, 0]"
携え,"[1, 0, 0, 0, 0, 0, 0, 0, 0, 0]"
散歩,"[1, 0, 0, 0, 0, 0, 0, 0, 0, 0]"
上品,"[1, 0, 0, 0, 0, 0, 0, 0, 0, 0]"
老,"[1, 0, 0, 0, 0, 0, 0, 0, 0, 0]"
紳士,"[1, 0, 0, 0, 0, 0, 0, 0, 0, 0]"
よう,"[17, 0, 0, 0, 0, 0, 0, 0, 0, 0]"
優しさ,"[4, 0, 0, 0, 0, 0, 0, 0, 0, 0]"
語る,"[1, 0, 0, 0, 0, 0, 0, 0, 0, 0]"
思え,"[1, 0, 0, 0, 0, 0, 0, 0, 0, 0]"
ば,"[5, 0, 0, 0, 0, 0, 0, 0, 0, 0]"
これ,"[2, 0, 0, 0, 0, 0, 0, 0, 0, 0]"
まで,"[7, 0, 0, 0, 0, 0, 0, 0, 0, 0]"
強,"[1, 0, 0, 0, 0, 0, 0, 0, 0, 0]"
硬さ,"[1, 0, 0, 0, 0, 0, 0, 0, 0, 0]"
追いかけ,"[1, 0, 0, 0, 0, 0, 0, 0, 0, 0]"
い,"[4, 0, 0, 0, 0, 0, 0, 0, 0, 0]"
気,"[1, 0, 0, 0, 0, 0, 0, 0, 0, 0]"
弱い,"[1, 0, 0, 0, 0, 0, 0, 0, 0, 0]"
見える,"[2, 0, 0, 0, 0, 0, 0, 0, 0, 0]"
強い,"[1, 0, 0, 0, 0, 0, 0, 0, 0, 0]"
従え,"[1, 0, 0, 0, 0, 0, 0, 0, 0, 0]"
柔らかい,"[1, 0, 0, 0, 0, 0, 0, 0, 0, 0]"
固い,"[1, 0, 0, 0, 0, 0, 0, 0, 0, 0]"
征服,"[1, 0, 0, 0, 0, 0, 0, 0, 0, 0]"
予言,"[1, 0, 0, 0, 0, 0, 0, 0, 0, 0]"
胸,"[1, 0, 0, 0, 0, 0, 0, 0, 0, 0]"
ずっしり,"[1, 0, 0, 0, 0, 0, 0, 0, 0, 0]"
響く,"[1, 0, 0, 0, 0, 0, 0, 0, 0, 0]"
今年,"[3, 0, 0, 0, 0, 0, 0, 0, 0, 0]"
優しく,"[1, 0, 0, 0, 0, 0, 0, 0, 0, 0]"
生きよ,"[1, 0, 0, 0, 0, 0, 0, 0, 0, 0]"
こぼれる,"[1, 0, 0, 0, 0, 0, 0, 0, 0, 0]"
日差し,"[1, 0, 0, 0, 0, 0, 0, 0, 0, 0]"
優れ,"[1, 0, 0, 0, 0, 0, 0, 0, 0, 0]"
芸術,"[1, 0, 0, 0, 0, 0, 0, 0, 0, 0]"
活動,"[1, 0, 0, 0, 0, 0, 0, 0, 0, 0]"
個人,"[1, 0, 0, 0, 0, 0, 0, 0, 0, 0]"
団体,"[1, 0, 0, 0, 0, 0, 0, 0, 0, 0]"
贈ら,"[1, 0, 0, 0, 0, 0, 0, 0, 0, 0]"
れる,"[7, 0, 0, 0, 0, 0, 0, 0, 0, 0]"
第,"[3, 0, 0, 0, 0, 0, 0, 0, 0, 0]"
３,"[45, 0, 0, 0, 0, 0, 0, 0, 0, 0]"
６,"[3, 0, 0, 0, 0, 0, 0, 0, 0, 0]"
回,"[3, 0, 0, 0, 0, 0, 0, 0, 0, 0]"
毎日芸術賞,"[2, 0, 0, 0, 0, 0, 0, 0, 0, 0]"
１,"[250, 0, 0, 0, 0, 0, 0, 0, 0, 0]"
９,"[18, 0, 0, 0, 0, 0, 0, 0, 0, 0]"
４,"[12, 0, 0, 0, 0, 0, 0, 0, 0, 0]"
年度,"[2, 0, 0, 0, 0, 0, 0, 0, 0, 0]"
受賞者,"[6, 0, 0, 0, 0, 0, 0, 0, 0, 0]"
次,"[1, 0, 0, 0, 0, 0, 0, 0, 0, 0]"
通り,"[1, 0, 0, 0, 0, 0, 0, 0, 0, 0]"
決まり,"[2, 0, 0, 0, 0, 0, 0, 0, 0, 0]"
まし,"[2, 0, 0, 0, 0, 0, 0, 0, 0, 0]"
敬称略,"[2, 0, 0, 0, 0, 0, 0, 0, 0, 0]"
五十音順,"[1, 0, 0, 0, 0, 0, 0, 0, 0, 0]"
＝,"[7, 0, 0, 0, 0, 0, 0, 0, 0, 0]"
業績,"[2, 0, 0, 0, 0, 0, 0, 0, 0, 0]"
紹介,"[1, 0, 0, 0, 0, 0, 0, 0, 0, 0]"
面,"[3, 0, 0, 0, 0, 0, 0, 0, 0, 0]"
◇,"[7, 0, 0, 0, 0, 0, 0, 0, 0, 0]"
四,"[1, 0, 0, 0, 0, 0, 0, 0, 0, 0]"
百,"[1, 0, 0, 0, 0, 0, 0, 0, 0, 0]"
定期演奏会,"[1, 0, 0, 0, 0, 0, 0, 0, 0, 0]"
シェーンベルク,"[1, 0, 0, 0, 0, 0, 0, 0, 0, 0]"
モーゼとアロン,"[1, 0, 0, 0, 0, 0, 0, 0, 0, 0]"
年,"[93, 0, 0, 0, 0, 0, 0, 0, 0, 0]"
１月,"[1, 0, 0, 0, 0, 0, 0, 0, 0, 0]"
東京,"[4, 0, 0, 0, 0, 0, 0, 0, 0, 0]"
サントリーホール,"[1, 0, 0, 0, 0, 0, 0, 0, 0, 0]"
秋山和慶,"[1, 0, 0, 0, 0, 0, 0, 0, 0, 0]"
指揮,"[1, 0, 0, 0, 0, 0, 0, 0, 0, 0]"
東京交響楽団,"[1, 0, 0, 0, 0, 0, 0, 0, 0, 0]"
今井政之,"[5, 0, 0, 0, 0, 0, 0, 0, 0, 0]"
展,"[5, 0, 0, 0, 0, 0, 0, 0, 0, 0]"
同,"[10, 0, 0, 0, 0, 0, 0, 0, 0, 0]"
６月,"[3, 0, 0, 0, 0, 0, 0, 0, 0, 0]"
京都,"[1, 0, 0, 0, 0, 0, 0, 0, 0, 0]"
高島屋,"[1, 0, 0, 0, 0, 0, 0, 0, 0, 0]"
ほか,"[1, 0, 0, 0, 0, 0, 0, 0, 0, 0]"
―,"[3, 0, 0, 0, 0, 0, 0, 0, 0, 0]"
象嵌,"[1, 0, 0, 0, 0, 0, 0, 0, 0, 0]"
世界,"[5, 0, 0, 0, 0, 0, 0, 0, 0, 0]"
９月,"[7, 0, 0, 0, 0, 0, 0, 0, 0, 0]"
広島,"[1, 0, 0, 0, 0, 0, 0, 0, 0, 0]"
福屋,"[1, 0, 0, 0, 0, 0, 0, 0, 0, 0]"
幸田弘子,"[2, 0, 0, 0, 0, 0, 0, 0, 0, 0]"
会,"[1, 0, 0, 0, 0, 0, 0, 0, 0, 0]"
における,"[2, 0, 0, 0, 0, 0, 0, 0, 0, 0]"
たけくらべ,"[1, 0, 0, 0, 0, 0, 0, 0, 0, 0]"
朗読,"[1, 0, 0, 0, 0, 0, 0, 0, 0, 0]"
成果,"[1, 0, 0, 0, 0, 0, 0, 0, 0, 0]"
１０月,"[4, 0, 0, 0, 0, 0, 0, 0, 0, 0]"
東邦,"[1, 0, 0, 0, 0, 0, 0, 0, 0, 0]"
生命,"[1, 0, 0, 0, 0, 0, 0, 0, 0, 0]"
ホール,"[2, 0, 0, 0, 0, 0, 0, 0, 0, 0]"
土谷武,"[2, 0, 0, 0, 0, 0, 0, 0, 0, 0]"
１１月,"[2, 0, 0, 0, 0, 0, 0, 0, 0, 0]"
ギャラリーヤマネ,"[1, 0, 0, 0, 0, 0, 0, 0, 0, 0]"
横尾忠則,"[2, 0, 0, 0, 0, 0, 0, 0, 0, 0]"
全,"[2, 0, 0, 0, 0, 0, 0, 0, 0, 0]"
ポスター,"[1, 0, 0, 0, 0, 0, 0, 0, 0, 0]"
誠文堂新光社,"[1, 0, 0, 0, 0, 0, 0, 0, 0, 0]"
刊,"[1, 0, 0, 0, 0, 0, 0, 0, 0, 0]"
はじめ,"[1, 0, 0, 0, 0, 0, 0, 0, 0, 0]"
長年,"[1, 0, 0, 0, 0, 0, 0, 0, 0, 0]"
功績,"[1, 0, 0, 0, 0, 0, 0, 0, 0, 0]"
十時,"[1, 0, 0, 0, 0, 0, 0, 0, 0, 0]"
起きる,"[1, 0, 0, 0, 0, 0, 0, 0, 0, 0]"
雨,"[1, 0, 0, 0, 0, 0, 0, 0, 0, 0]"
正月,"[1, 0, 0, 0, 0, 0, 0, 0, 0, 0]"
…,"[1525, 0, 0, 0, 0, 0, 0, 0, 0, 0]"
入り,"[1, 0, 0, 0, 0, 0, 0, 0, 0, 0]"
大,"[1, 0, 0, 0, 0, 0, 0, 0, 0, 0]"
満員,"[1, 0, 0, 0, 0, 0, 0, 0, 0, 0]"
補助,"[1, 0, 0, 0, 0, 0, 0, 0, 0, 0]"
席,"[1, 0, 0, 0, 0, 0, 0, 0, 0, 0]"
出切り,"[1, 0, 0, 0, 0, 0, 0, 0, 0, 0]"
新年,"[4, 0, 0, 0, 0, 0, 0, 0, 0, 0]"
早々,"[1, 0, 0, 0, 0, 0, 0, 0, 0, 0]"
不勉強,"[1, 0, 0, 0, 0, 0, 0, 0, 0, 0]"
大久保彦左衛門,"[1, 0, 0, 0, 0, 0, 0, 0, 0, 0]"
おおく,"[1, 0, 0, 0, 0, 0, 0, 0, 0, 0]"
ぼひ,"[1, 0, 0, 0, 0, 0, 0, 0, 0, 0]"
こざ,"[1, 0, 0, 0, 0, 0, 0, 0, 0, 0]"
えも,"[1, 0, 0, 0, 0, 0, 0, 0, 0, 0]"
ん,"[2, 0, 0, 0, 0, 0, 0, 0, 0, 0]"
一景,"[1, 0, 0, 0, 0, 0, 0, 0, 0, 0]"
まるで,"[1, 0, 0, 0, 0, 0, 0, 0, 0, 0]"
セリフ,"[1, 0, 0, 0, 0, 0, 0, 0, 0, 0]"
出,"[1, 0, 0, 0, 0, 0, 0, 0, 0, 0]"
ず,"[4, 0, 0, 0, 0, 0, 0, 0, 0, 0]"
初日,"[1, 0, 0, 0, 0, 0, 0, 0, 0, 0]"
ィ,"[1, 0, 0, 0, 0, 0, 0, 0, 0, 0]"
なれ,"[1, 0, 0, 0, 0, 0, 0, 0, 0, 0]"
ァ,"[1, 0, 0, 0, 0, 0, 0, 0, 0, 0]"
そう,"[1, 0, 0, 0, 0, 0, 0, 0, 0, 0]"
すらすら,"[1, 0, 0, 0, 0, 0, 0, 0, 0, 0]"
行か,"[1, 0, 0, 0, 0, 0, 0, 0, 0, 0]"
ぬ,"[2, 0, 0, 0, 0, 0, 0, 0, 0, 0]"
思,"[1, 0, 0, 0, 0, 0, 0, 0, 0, 0]"
お,"[3, 0, 0, 0, 0, 0, 0, 0, 0, 0]"
ぼ,"[1, 0, 0, 0, 0, 0, 0, 0, 0, 0]"
召せ,"[1, 0, 0, 0, 0, 0, 0, 0, 0, 0]"
やっ,"[1, 0, 0, 0, 0, 0, 0, 0, 0, 0]"
我,"[1, 0, 0, 0, 0, 0, 0, 0, 0, 0]"
ながら,"[1, 0, 0, 0, 0, 0, 0, 0, 0, 0]"
大した,"[1, 0, 0, 0, 0, 0, 0, 0, 0, 0]"
度胸,"[1, 0, 0, 0, 0, 0, 0, 0, 0, 0]"
昭和,"[1, 0, 0, 0, 0, 0, 0, 0, 0, 0]"
喜劇,"[1, 0, 0, 0, 0, 0, 0, 0, 0, 0]"
役者,"[1, 0, 0, 0, 0, 0, 0, 0, 0, 0]"
古川,"[1, 0, 0, 0, 0, 0, 0, 0, 0, 0]"
ふるか,"[1, 0, 0, 0, 0, 0, 0, 0, 0, 0]"
わ,"[1, 0, 0, 0, 0, 0, 0, 0, 0, 0]"
ロッパ,"[4, 0, 0, 0, 0, 0, 0, 0, 0, 0]"
日記,"[9, 0, 0, 0, 0, 0, 0, 0, 0, 0]"
８,"[9, 0, 0, 0, 0, 0, 0, 0, 0, 0]"
元日,"[3, 0, 0, 0, 0, 0, 0, 0, 0, 0]"
抜き,"[1, 0, 0, 0, 0, 0, 0, 0, 0, 0]"
書き,"[1, 0, 0, 0, 0, 0, 0, 0, 0, 0]"
劇場,"[1, 0, 0, 0, 0, 0, 0, 0, 0, 0]"
記録,"[1, 0, 0, 0, 0, 0, 0, 0, 0, 0]"
大入り,"[1, 0, 0, 0, 0, 0, 0, 0, 0, 0]"
続く,"[1, 0, 0, 0, 0, 0, 0, 0, 0, 0]"
前年,"[1, 0, 0, 0, 0, 0, 0, 0, 0, 0]"
日中戦争,"[4, 0, 0, 0, 0, 0, 0, 0, 0, 0]"
起き,"[1, 0, 0, 0, 0, 0, 0, 0, 0, 0]"
迎え,"[4, 0, 0, 0, 0, 0, 0, 0, 0, 0]"
盛り場,"[1, 0, 0, 0, 0, 0, 0, 0, 0, 0]"
繁盛,"[1, 0, 0, 0, 0, 0, 0, 0, 0, 0]"
作家,"[2, 0, 0, 0, 0, 0, 0, 0, 0, 0]"
永井荷風,"[1, 0, 0, 0, 0, 0, 0, 0, 0, 0]"
ながい,"[1, 0, 0, 0, 0, 0, 0, 0, 0, 0]"
ふう,"[1, 0, 0, 0, 0, 0, 0, 0, 0, 0]"
群集,"[1, 0, 0, 0, 0, 0, 0, 0, 0, 0]"
織る,"[1, 0, 0, 0, 0, 0, 0, 0, 0, 0]"
ごとし,"[1, 0, 0, 0, 0, 0, 0, 0, 0, 0]"
特筆,"[1, 0, 0, 0, 0, 0, 0, 0, 0, 0]"
当時,"[1, 0, 0, 0, 0, 0, 0, 0, 0, 0]"
近衛文麿,"[1, 0, 0, 0, 0, 0, 0, 0, 0, 0]"
このえ,"[1, 0, 0, 0, 0, 0, 0, 0, 0, 0]"
ふみ,"[1, 0, 0, 0, 0, 0, 0, 0, 0, 0]"
まろ,"[1, 0, 0, 0, 0, 0, 0, 0, 0, 0]"
首相,"[1, 0, 0, 0, 0, 0, 0, 0, 0, 0]"
日中,"[1, 0, 0, 0, 0, 0, 0, 0, 0, 0]"
和平,"[4, 0, 0, 0, 0, 0, 0, 0, 0, 0]"
交渉,"[1, 0, 0, 0, 0, 0, 0, 0, 0, 0]"
打ち切り,"[1, 0, 0, 0, 0, 0, 0, 0, 0, 0]"
国民政府,"[1, 0, 0, 0, 0, 0, 0, 0, 0, 0]"
対,"[1, 0, 0, 0, 0, 0, 0, 0, 0, 0]"
あいて,"[1, 0, 0, 0, 0, 0, 0, 0, 0, 0]"
せ,"[10, 0, 0, 0, 0, 0, 0, 0, 0, 0]"
声明,"[4, 0, 0, 0, 0, 0, 0, 0, 0, 0]"
５,"[21, 0, 0, 0, 0, 0, 0, 0, 0, 0]"
日,"[152, 0, 0, 0, 0, 0, 0, 0, 0, 0]"
後,"[1, 0, 0, 0, 0, 0, 0, 0, 0, 0]"
あっ,"[1, 0, 0, 0, 0, 0, 0, 0, 0, 0]"
軍部,"[1, 0, 0, 0, 0, 0, 0, 0, 0, 0]"
内,"[2, 0, 0, 0, 0, 0, 0, 0, 0, 0]"
論,"[1, 0, 0, 0, 0, 0, 0, 0, 0, 0]"
退け,"[1, 0, 0, 0, 0, 0, 0, 0, 0, 0]"
泥沼化,"[1, 0, 0, 0, 0, 0, 0, 0, 0, 0]"
招き,"[1, 0, 0, 0, 0, 0, 0, 0, 0, 0]"
米,"[4, 0, 0, 0, 0, 0, 0, 0, 0, 0]"
英,"[1, 0, 0, 0, 0, 0, 0, 0, 0, 0]"
激突,"[1, 0, 0, 0, 0, 0, 0, 0, 0, 0]"
へ,"[4, 0, 0, 0, 0, 0, 0, 0, 0, 0]"
道,"[1, 0, 0, 0, 0, 0, 0, 0, 0, 0]"
開い,"[1, 0, 0, 0, 0, 0, 0, 0, 0, 0]"
運命,"[1, 0, 0, 0, 0, 0, 0, 0, 0, 0]"
荷風,"[1, 0, 0, 0, 0, 0, 0, 0, 0, 0]"
関心,"[1, 0, 0, 0, 0, 0, 0, 0, 0, 0]"
外,"[1, 0, 0, 0, 0, 0, 0, 0, 0, 0]"
らしく,"[1, 0, 0, 0, 0, 0, 0, 0, 0, 0]"
何,"[1, 0, 0, 0, 0, 0, 0, 0, 0, 0]"
言及,"[1, 0, 0, 0, 0, 0, 0, 0, 0, 0]"
戦後,"[9, 0, 0, 0, 0, 0, 0, 0, 0, 0]"
７,"[42, 0, 0, 0, 0, 0, 0, 0, 0, 0]"
０,"[94, 0, 0, 0, 0, 0, 0, 0, 0, 0]"
なる,"[2, 0, 0, 0, 0, 0, 0, 0, 0, 0]"
歳月,"[1, 0, 0, 0, 0, 0, 0, 0, 0, 0]"
考える,"[2, 0, 0, 0, 0, 0, 0, 0, 0, 0]"
明治元年,"[1, 0, 0, 0, 0, 0, 0, 0, 0, 0]"
あたる,"[1, 0, 0, 0, 0, 0, 0, 0, 0, 0]"
重ね合わ,"[1, 0, 0, 0, 0, 0, 0, 0, 0, 0]"
みる,"[1, 0, 0, 0, 0, 0, 0, 0, 0, 0]"
時,"[1, 0, 0, 0, 0, 0, 0, 0, 0, 0]"
先人,"[1, 0, 0, 0, 0, 0, 0, 0, 0, 0]"
世紀,"[4, 0, 0, 0, 0, 0, 0, 0, 0, 0]"
必死,"[1, 0, 0, 0, 0, 0, 0, 0, 0, 0]"
適応,"[1, 0, 0, 0, 0, 0, 0, 0, 0, 0]"
造り上げ,"[1, 0, 0, 0, 0, 0, 0, 0, 0, 0]"
近代国家,"[1, 0, 0, 0, 0, 0, 0, 0, 0, 0]"
新た,"[1, 0, 0, 0, 0, 0, 0, 0, 0, 0]"
現実,"[4, 0, 0, 0, 0, 0, 0, 0, 0, 0]"
破局,"[1, 0, 0, 0, 0, 0, 0, 0, 0, 0]"
迷路,"[4, 0, 0, 0, 0, 0, 0, 0, 0, 0]"
まった,"[1, 0, 0, 0, 0, 0, 0, 0, 0, 0]"
歴史,"[1, 0, 0, 0, 0, 0, 0, 0, 0, 0]"
くり返,"[1, 0, 0, 0, 0, 0, 0, 0, 0, 0]"
迎える,"[1, 0, 0, 0, 0, 0, 0, 0, 0, 0]"
私たち,"[1, 0, 0, 0, 0, 0, 0, 0, 0, 0]"
向き合う,"[1, 0, 0, 0, 0, 0, 0, 0, 0, 0]"
日本社会,"[1, 0, 0, 0, 0, 0, 0, 0, 0, 0]"
人口減少,"[1, 0, 0, 0, 0, 0, 0, 0, 0, 0]"
グローバル,"[1, 0, 0, 0, 0, 0, 0, 0, 0, 0]"
経済,"[1, 0, 0, 0, 0, 0, 0, 0, 0, 0]"
格差拡大,"[1, 0, 0, 0, 0, 0, 0, 0, 0, 0]"
多極化,"[1, 0, 0, 0, 0, 0, 0, 0, 0, 0]"
政治,"[1, 0, 0, 0, 0, 0, 0, 0, 0, 0]"
深刻,"[1, 0, 0, 0, 0, 0, 0, 0, 0, 0]"
化,"[1, 0, 0, 0, 0, 0, 0, 0, 0, 0]"
地球環境問題,"[1, 0, 0, 0, 0, 0, 0, 0, 0, 0]"
など,"[5, 0, 0, 0, 0, 0, 0, 0, 0, 0]"
入り組む,"[1, 0, 0, 0, 0, 0, 0, 0, 0, 0]"
かつて,"[1, 0, 0, 0, 0, 0, 0, 0, 0, 0]"
試さ,"[1, 0, 0, 0, 0, 0, 0, 0, 0, 0]"
未来,"[1, 0, 0, 0, 0, 0, 0, 0, 0, 0]"
見通す,"[1, 0, 0, 0, 0, 0, 0, 0, 0, 0]"
構想,"[9, 0, 0, 0, 0, 0, 0, 0, 0, 0]"
力,"[4, 0, 0, 0, 0, 0, 0, 0, 0, 0]"
戦前,"[1, 0, 0, 0, 0, 0, 0, 0, 0, 0]"
植民,"[1, 0, 0, 0, 0, 0, 0, 0, 0, 0]"
地なき,"[1, 0, 0, 0, 0, 0, 0, 0, 0, 0]"
日本の経済,"[1, 0, 0, 0, 0, 0, 0, 0, 0, 0]"
成長,"[1, 0, 0, 0, 0, 0, 0, 0, 0, 0]"
抱い,"[1, 0, 0, 0, 0, 0, 0, 0, 0, 0]"
人々,"[1, 0, 0, 0, 0, 0, 0, 0, 0, 0]"
世,"[1, 0, 0, 0, 0, 0, 0, 0, 0, 0]"
ひそむ,"[1, 0, 0, 0, 0, 0, 0, 0, 0, 0]"
未来へ,"[1, 0, 0, 0, 0, 0, 0, 0, 0, 0]"
励まし,"[1, 0, 0, 0, 0, 0, 0, 0, 0, 0]"
逆戻り,"[1, 0, 0, 0, 0, 0, 0, 0, 0, 0]"
繰り返す,"[1, 0, 0, 0, 0, 0, 0, 0, 0, 0]"
封じ,"[1, 0, 0, 0, 0, 0, 0, 0, 0, 0]"
ね,"[1, 0, 0, 0, 0, 0, 0, 0, 0, 0]"
なら,"[2, 0, 0, 0, 0, 0, 0, 0, 0, 0]"
維新,"[1, 0, 0, 0, 0, 0, 0, 0, 0, 0]"
教訓,"[1, 0, 0, 0, 0, 0, 0, 0, 0, 0]"
生かし,"[1, 0, 0, 0, 0, 0, 0, 0, 0, 0]"
きょう,"[2, 0, 0, 0, 0, 0, 0, 0, 0, 0]"
新聞,"[2, 0, 0, 0, 0, 0, 0, 0, 0, 0]"
製作,"[2, 0, 0, 0, 0, 0, 0, 0, 0, 0]"
休み,"[2, 0, 0, 0, 0, 0, 0, 0, 0, 0]"
金,"[2, 0, 0, 0, 0, 0, 0, 0, 0, 0]"
朝刊,"[4, 0, 0, 0, 0, 0, 0, 0, 0, 0]"
休刊,"[2, 0, 0, 0, 0, 0, 0, 0, 0, 0]"
いただき,"[2, 0, 0, 0, 0, 0, 0, 0, 0, 0]"
ます,"[19, 0, 0, 0, 0, 0, 0, 0, 0, 0]"
夕刊,"[2, 0, 0, 0, 0, 0, 0, 0, 0, 0]"
月,"[1, 0, 0, 0, 0, 0, 0, 0, 0, 0]"
発行,"[2, 0, 0, 0, 0, 0, 0, 0, 0, 0]"
なお,"[2, 0, 0, 0, 0, 0, 0, 0, 0, 0]"
毎日新聞,"[2, 0, 0, 0, 0, 0, 0, 0, 0, 0]"
速報,"[2, 0, 0, 0, 0, 0, 0, 0, 0, 0]"
記事,"[3, 0, 0, 0, 0, 0, 0, 0, 0, 0]"
ニュースサイト,"[2, 0, 0, 0, 0, 0, 0, 0, 0, 0]"
ｈｔｔｐ,"[2, 0, 0, 0, 0, 0, 0, 0, 0, 0]"
：,"[2, 0, 0, 0, 0, 0, 0, 0, 0, 0]"
ｍａｉｎｉｃｈｉ,"[2, 0, 0, 0, 0, 0, 0, 0, 0, 0]"
．,"[3, 0, 0, 0, 0, 0, 0, 0, 0, 0]"
ｊｐ,"[2, 0, 0, 0, 0, 0, 0, 0, 0, 0]"
届け,"[2, 0, 0, 0, 0, 0, 0, 0, 0, 0]"
休ま,"[2, 0, 0, 0, 0, 0, 0, 0, 0, 0]"
いただく,"[2, 0, 0, 0, 0, 0, 0, 0, 0, 0]"
２月９日,"[1, 0, 0, 0, 0, 0, 0, 0, 0, 0]"
５月,"[2, 0, 0, 0, 0, 0, 0, 0, 0, 0]"
７月,"[2, 0, 0, 0, 0, 0, 0, 0, 0, 0]"
８月,"[3, 0, 0, 0, 0, 0, 0, 0, 0, 0]"
１１月９日,"[1, 0, 0, 0, 0, 0, 0, 0, 0, 0]"
１２月,"[1, 0, 0, 0, 0, 0, 0, 0, 0, 0]"
予定,"[2, 0, 0, 0, 0, 0, 0, 0, 0, 0]"
です,"[2, 0, 0, 0, 0, 0, 0, 0, 0, 0]"
ご,"[2, 0, 0, 0, 0, 0, 0, 0, 0, 0]"
了承,"[2, 0, 0, 0, 0, 0, 0, 0, 0, 0]"
ください,"[2, 0, 0, 0, 0, 0, 0, 0, 0, 0]"
毎日新聞社,"[2, 0, 0, 0, 0, 0, 0, 0, 0, 0]"
【,"[2, 0, 0, 0, 0, 0, 0, 0, 0, 0]"
現在,"[1, 0, 0, 0, 0, 0, 0, 0, 0, 0]"
著作権,"[1, 0, 0, 0, 0, 0, 0, 0, 0, 0]"
交渉中,"[1, 0, 0, 0, 0, 0, 0, 0, 0, 0]"
為,"[1, 0, 0, 0, 0, 0, 0, 0, 0, 0]"
本文,"[1, 0, 0, 0, 0, 0, 0, 0, 0, 0]"
表示,"[1, 0, 0, 0, 0, 0, 0, 0, 0, 0]"
でき,"[2, 0, 0, 0, 0, 0, 0, 0, 0, 0]"
ませ,"[1, 0, 0, 0, 0, 0, 0, 0, 0, 0]"
】,"[2, 0, 0, 0, 0, 0, 0, 0, 0, 0]"
理化学研究所,"[1, 0, 0, 0, 0, 0, 0, 0, 0, 0]"
森田浩介,"[1, 0, 0, 0, 0, 0, 0, 0, 0, 0]"
グループ,"[1, 0, 0, 0, 0, 0, 0, 0, 0, 0]"
ディレクター,"[1, 0, 0, 0, 0, 0, 0, 0, 0, 0]"
ら,"[2, 0, 0, 0, 0, 0, 0, 0, 0, 0]"
チーム,"[4, 0, 0, 0, 0, 0, 0, 0, 0, 0]"
合成,"[3, 0, 0, 0, 0, 0, 0, 0, 0, 0]"
新元素,"[2, 0, 0, 0, 0, 0, 0, 0, 0, 0]"
原子番号,"[11, 0, 0, 0, 0, 0, 0, 0, 0, 0]"
について,"[2, 0, 0, 0, 0, 0, 0, 0, 0, 0]"
国際,"[2, 0, 0, 0, 0, 0, 0, 0, 0, 0]"
学会,"[2, 0, 0, 0, 0, 0, 0, 0, 0, 0]"
理研,"[3, 0, 0, 0, 0, 0, 0, 0, 0, 0]"
発見,"[9, 0, 0, 0, 0, 0, 0, 0, 0, 0]"
認め,"[2, 0, 0, 0, 0, 0, 0, 0, 0, 0]"
られ,"[1, 0, 0, 0, 0, 0, 0, 0, 0, 0]"
アジア,"[1, 0, 0, 0, 0, 0, 0, 0, 0, 0]"
初めて,"[4, 0, 0, 0, 0, 0, 0, 0, 0, 0]"
命名権,"[1, 0, 0, 0, 0, 0, 0, 0, 0, 0]"
獲得,"[1, 0, 0, 0, 0, 0, 0, 0, 0, 0]"
発表,"[2, 0, 0, 0, 0, 0, 0, 0, 0, 0]"
により,"[1, 0, 0, 0, 0, 0, 0, 0, 0, 0]"
元素,"[41, 0, 0, 0, 0, 0, 0, 0, 0, 0]"
周期表,"[4, 0, 0, 0, 0, 0, 0, 0, 0, 0]"
日本人,"[1, 0, 0, 0, 0, 0, 0, 0, 0, 0]"
名付け親,"[1, 0, 0, 0, 0, 0, 0, 0, 0, 0]"
掲載,"[1, 0, 0, 0, 0, 0, 0, 0, 0, 0]"
森田,"[6, 0, 0, 0, 0, 0, 0, 0, 0, 0]"
名,"[1, 0, 0, 0, 0, 0, 0, 0, 0, 0]"
述べ,"[2, 0, 0, 0, 0, 0, 0, 0, 0, 0]"
関連,"[1, 0, 0, 0, 0, 0, 0, 0, 0, 0]"
ウラン,"[2, 0, 0, 0, 0, 0, 0, 0, 0, 0]"
重い,"[2, 0, 0, 0, 0, 0, 0, 0, 0, 0]"
全て,"[1, 0, 0, 0, 0, 0, 0, 0, 0, 0]"
人工,"[1, 0, 0, 0, 0, 0, 0, 0, 0, 0]"
番,"[18, 0, 0, 0, 0, 0, 0, 0, 0, 0]"
報告,"[5, 0, 0, 0, 0, 0, 0, 0, 0, 0]"
露,"[3, 0, 0, 0, 0, 0, 0, 0, 0, 0]"
共同,"[2, 0, 0, 0, 0, 0, 0, 0, 0, 0]"
それぞれ,"[1, 0, 0, 0, 0, 0, 0, 0, 0, 0]"
国際純正・応用化学連合,"[1, 0, 0, 0, 0, 0, 0, 0, 0, 0]"
純粋,"[1, 0, 0, 0, 0, 0, 0, 0, 0, 0]"
応用物理学,"[1, 0, 0, 0, 0, 0, 0, 0, 0, 0]"
連合,"[1, 0, 0, 0, 0, 0, 0, 0, 0, 0]"
合同,"[1, 0, 0, 0, 0, 0, 0, 0, 0, 0]"
作業部会,"[1, 0, 0, 0, 0, 0, 0, 0, 0, 0]"
審査,"[1, 0, 0, 0, 0, 0, 0, 0, 0, 0]"
両,"[1, 0, 0, 0, 0, 0, 0, 0, 0, 0]"
データ,"[1, 0, 0, 0, 0, 0, 0, 0, 0, 0]"
確実性,"[1, 0, 0, 0, 0, 0, 0, 0, 0, 0]"
高い,"[1, 0, 0, 0, 0, 0, 0, 0, 0, 0]"
理由,"[1, 0, 0, 0, 0, 0, 0, 0, 0, 0]"
認定,"[1, 0, 0, 0, 0, 0, 0, 0, 0, 0]"
通知,"[1, 0, 0, 0, 0, 0, 0, 0, 0, 0]"
未,"[1, 0, 0, 0, 0, 0, 0, 0, 0, 0]"
確定,"[1, 0, 0, 0, 0, 0, 0, 0, 0, 0]"
名前,"[1, 0, 0, 0, 0, 0, 0, 0, 0, 0]"
残る,"[1, 0, 0, 0, 0, 0, 0, 0, 0, 0]"
感慨深い,"[1, 0, 0, 0, 0, 0, 0, 0, 0, 0]"
大勢,"[1, 0, 0, 0, 0, 0, 0, 0, 0, 0]"
研究者,"[1, 0, 0, 0, 0, 0, 0, 0, 0, 0]"
まずは,"[1, 0, 0, 0, 0, 0, 0, 0, 0, 0]"
感謝,"[1, 0, 0, 0, 0, 0, 0, 0, 0, 0]"
亜鉛,"[1, 0, 0, 0, 0, 0, 0, 0, 0, 0]"
原子核,"[5, 0, 0, 0, 0, 0, 0, 0, 0, 0]"
陽子,"[2, 0, 0, 0, 0, 0, 0, 0, 0, 0]"
個,"[20, 0, 0, 0, 0, 0, 0, 0, 0, 0]"
加速器,"[1, 0, 0, 0, 0, 0, 0, 0, 0, 0]"
光速,"[1, 0, 0, 0, 0, 0, 0, 0, 0, 0]"
％,"[1, 0, 0, 0, 0, 0, 0, 0, 0, 0]"
加速,"[1, 0, 0, 0, 0, 0, 0, 0, 0, 0]"
重金属,"[1, 0, 0, 0, 0, 0, 0, 0, 0, 0]"
ビスマス,"[1, 0, 0, 0, 0, 0, 0, 0, 0, 0]"
衝突,"[2, 0, 0, 0, 0, 0, 0, 0, 0, 0]"
核融合,"[1, 0, 0, 0, 0, 0, 0, 0, 0, 0]"
せる,"[1, 0, 0, 0, 0, 0, 0, 0, 0, 0]"
実験,"[1, 0, 0, 0, 0, 0, 0, 0, 0, 0]"
繰り返し,"[1, 0, 0, 0, 0, 0, 0, 0, 0, 0]"
計,"[1, 0, 0, 0, 0, 0, 0, 0, 0, 0]"
成功,"[1, 0, 0, 0, 0, 0, 0, 0, 0, 0]"
２月,"[2, 0, 0, 0, 0, 0, 0, 0, 0, 0]"
アメリシウム,"[1, 0, 0, 0, 0, 0, 0, 0, 0, 0]"
カルシウム,"[1, 0, 0, 0, 0, 0, 0, 0, 0, 0]"
作り,"[1, 0, 0, 0, 0, 0, 0, 0, 0, 0]"
崩壊,"[1, 0, 0, 0, 0, 0, 0, 0, 0, 0]"
過程,"[1, 0, 0, 0, 0, 0, 0, 0, 0, 0]"
確認,"[1, 0, 0, 0, 0, 0, 0, 0, 0, 0]"
斎藤,"[1, 0, 0, 0, 0, 0, 0, 0, 0, 0]"
広子,"[1, 0, 0, 0, 0, 0, 0, 0, 0, 0]"
下桐,"[1, 0, 0, 0, 0, 0, 0, 0, 0, 0]"
実,"[1, 0, 0, 0, 0, 0, 0, 0, 0, 0]"
雅子,"[1, 0, 0, 0, 0, 0, 0, 0, 0, 0]"
■,"[1, 0, 0, 0, 0, 0, 0, 0, 0, 0]"
ことば,"[1, 0, 0, 0, 0, 0, 0, 0, 0, 0]"
宇宙,"[1, 0, 0, 0, 0, 0, 0, 0, 0, 0]"
あらゆる,"[1, 0, 0, 0, 0, 0, 0, 0, 0, 0]"
物質,"[1, 0, 0, 0, 0, 0, 0, 0, 0, 0]"
構成,"[1, 0, 0, 0, 0, 0, 0, 0, 0, 0]"
基本,"[1, 0, 0, 0, 0, 0, 0, 0, 0, 0]"
要素,"[1, 0, 0, 0, 0, 0, 0, 0, 0, 0]"
表す,"[1, 0, 0, 0, 0, 0, 0, 0, 0, 0]"
水素,"[1, 0, 0, 0, 0, 0, 0, 0, 0, 0]"
最も,"[1, 0, 0, 0, 0, 0, 0, 0, 0, 0]"
軽く,"[1, 0, 0, 0, 0, 0, 0, 0, 0, 0]"
自然界,"[1, 0, 0, 0, 0, 0, 0, 0, 0, 0]"
存在,"[1, 0, 0, 0, 0, 0, 0, 0, 0, 0]"
それ,"[2, 0, 0, 0, 0, 0, 0, 0, 0, 0]"
人工的,"[1, 0, 0, 0, 0, 0, 0, 0, 0, 0]"
作ら,"[1, 0, 0, 0, 0, 0, 0, 0, 0, 0]"
によって,"[1, 0, 0, 0, 0, 0, 0, 0, 0, 0]"
性質,"[4, 0, 0, 0, 0, 0, 0, 0, 0, 0]"
周期,"[1, 0, 0, 0, 0, 0, 0, 0, 0, 0]"
変わり,"[1, 0, 0, 0, 0, 0, 0, 0, 0, 0]"
似,"[1, 0, 0, 0, 0, 0, 0, 0, 0, 0]"
縦,"[1, 0, 0, 0, 0, 0, 0, 0, 0, 0]"
横,"[1, 0, 0, 0, 0, 0, 0, 0, 0, 0]"
列,"[1, 0, 0, 0, 0, 0, 0, 0, 0, 0]"
並ぶ,"[1, 0, 0, 0, 0, 0, 0, 0, 0, 0]"
配置,"[1, 0, 0, 0, 0, 0, 0, 0, 0, 0]"
特別,"[1, 0, 0, 0, 0, 0, 0, 0, 0, 0]"
協賛,"[1, 0, 0, 0, 0, 0, 0, 0, 0, 0]"
信越化学工業株式会社,"[1, 0, 0, 0, 0, 0, 0, 0, 0, 0]"
ホテル椿山荘東京,"[1, 0, 0, 0, 0, 0, 0, 0, 0, 0]"
東京都文京区,"[1, 0, 0, 0, 0, 0, 0, 0, 0, 0]"
贈呈,"[1, 0, 0, 0, 0, 0, 0, 0, 0, 0]"
式,"[1, 0, 0, 0, 0, 0, 0, 0, 0, 0]"
行い,"[1, 0, 0, 0, 0, 0, 0, 0, 0, 0]"
音,"[1, 0, 0, 0, 0, 0, 0, 0, 0, 0]"
順,"[1, 0, 0, 0, 0, 0, 0, 0, 0, 0]"
金森穣,"[1, 0, 0, 0, 0, 0, 0, 0, 0, 0]"
演出,"[9, 0, 0, 0, 0, 0, 0, 0, 0, 0]"
振付家,"[1, 0, 0, 0, 0, 0, 0, 0, 0, 0]"
舞踊家,"[1, 0, 0, 0, 0, 0, 0, 0, 0, 0]"
Ｎｏｉｓｍ,"[1, 0, 0, 0, 0, 0, 0, 0, 0, 0]"
公演,"[4, 0, 0, 0, 0, 0, 0, 0, 0, 0]"
Ｍｉｒｒｏｒｉｎｇ,"[1, 0, 0, 0, 0, 0, 0, 0, 0, 0]"
Ｍｅｍｏｒｉｅｓ,"[1, 0, 0, 0, 0, 0, 0, 0, 0, 0]"
尊き,"[1, 0, 0, 0, 0, 0, 0, 0, 0, 0]"
光,"[1, 0, 0, 0, 0, 0, 0, 0, 0, 0]"
ごとく,"[1, 0, 0, 0, 0, 0, 0, 0, 0, 0]"
文化会館,"[1, 0, 0, 0, 0, 0, 0, 0, 0, 0]"
小,"[1, 0, 0, 0, 0, 0, 0, 0, 0, 0]"
Ｎｏｉｓｍ×ＳＰＡＣ,"[1, 0, 0, 0, 0, 0, 0, 0, 0, 0]"
Ｒｏｍｅｏ,"[1, 0, 0, 0, 0, 0, 0, 0, 0, 0]"
＆,"[1, 0, 0, 0, 0, 0, 0, 0, 0, 0]"
Ｊｕｌｉｅｔｓ,"[1, 0, 0, 0, 0, 0, 0, 0, 0, 0]"
ロミオとジュリエット,"[1, 0, 0, 0, 0, 0, 0, 0, 0, 0]"
たち,"[1, 0, 0, 0, 0, 0, 0, 0, 0, 0]"
りゅーとぴあ,"[1, 0, 0, 0, 0, 0, 0, 0, 0, 0]"
新潟市民芸術文化会館,"[1, 0, 0, 0, 0, 0, 0, 0, 0, 0]"
会場,"[1, 0, 0, 0, 0, 0, 0, 0, 0, 0]"
演技,"[1, 0, 0, 0, 0, 0, 0, 0, 0, 0]"
▽,"[16, 0, 0, 0, 0, 0, 0, 0, 0, 0]"
栗木京子,"[1, 0, 0, 0, 0, 0, 0, 0, 0, 0]"
歌人,"[1, 0, 0, 0, 0, 0, 0, 0, 0, 0]"
歌集,"[1, 0, 0, 0, 0, 0, 0, 0, 0, 0]"
ランプ,"[1, 0, 0, 0, 0, 0, 0, 0, 0, 0]"
精,"[1, 0, 0, 0, 0, 0, 0, 0, 0, 0]"
現代短歌,"[1, 0, 0, 0, 0, 0, 0, 0, 0, 0]"
社,"[1, 0, 0, 0, 0, 0, 0, 0, 0, 0]"
内藤礼,"[4, 0, 0, 0, 0, 0, 0, 0, 0, 0]"
現代美術家,"[1, 0, 0, 0, 0, 0, 0, 0, 0, 0]"
個展,"[1, 0, 0, 0, 0, 0, 0, 0, 0, 0]"
明るい,"[1, 0, 0, 0, 0, 0, 0, 0, 0, 0]"
地上,"[1, 0, 0, 0, 0, 0, 0, 0, 0, 0]"
あなた,"[1, 0, 0, 0, 0, 0, 0, 0, 0, 0]"
水戸芸術館,"[1, 0, 0, 0, 0, 0, 0, 0, 0, 0]"
現代美術,"[1, 0, 0, 0, 0, 0, 0, 0, 0, 0]"
ギャラリー,"[1, 0, 0, 0, 0, 0, 0, 0, 0, 0]"
永井愛,"[1, 0, 0, 0, 0, 0, 0, 0, 0, 0]"
劇作家,"[1, 0, 0, 0, 0, 0, 0, 0, 0, 0]"
二兎社,"[1, 0, 0, 0, 0, 0, 0, 0, 0, 0]"
ザ,"[1, 0, 0, 0, 0, 0, 0, 0, 0, 0]"
空気,"[1, 0, 0, 0, 0, 0, 0, 0, 0, 0]"
ｖｅｒ,"[1, 0, 0, 0, 0, 0, 0, 0, 0, 0]"
書い,"[1, 0, 0, 0, 0, 0, 0, 0, 0, 0]"
東京芸術劇場,"[1, 0, 0, 0, 0, 0, 0, 0, 0, 0]"
シアター,"[1, 0, 0, 0, 0, 0, 0, 0, 0, 0]"
イースト,"[1, 0, 0, 0, 0, 0, 0, 0, 0, 0]"
作,"[1, 0, 0, 0, 0, 0, 0, 0, 0, 0]"
宮本輝,"[1, 0, 0, 0, 0, 0, 0, 0, 0, 0]"
小説,"[1, 0, 0, 0, 0, 0, 0, 0, 0, 0]"
流転の海,"[1, 0, 0, 0, 0, 0, 0, 0, 0, 0]"
新潮社,"[1, 0, 0, 0, 0, 0, 0, 0, 0, 0]"
シリーズ,"[1, 0, 0, 0, 0, 0, 0, 0, 0, 0]"
完結,"[1, 0, 0, 0, 0, 0, 0, 0, 0, 0]"
部,"[1, 0, 0, 0, 0, 0, 0, 0, 0, 0]"
特別賞,"[1, 0, 0, 0, 0, 0, 0, 0, 0, 0]"
大林宣彦,"[1, 0, 0, 0, 0, 0, 0, 0, 0, 0]"
映画監督,"[1, 0, 0, 0, 0, 0, 0, 0, 0, 0]"
映画,"[1, 0, 0, 0, 0, 0, 0, 0, 0, 0]"
花筐,"[1, 0, 0, 0, 0, 0, 0, 0, 0, 0]"
ＨＡＮＡＧＡＴＡＭＩ,"[1, 0, 0, 0, 0, 0, 0, 0, 0, 0]"
水,"[1, 0, 0, 0, 0, 0, 0, 0, 0, 0]"
３月,"[1, 0, 0, 0, 0, 0, 0, 0, 0, 0]"
４月,"[1, 0, 0, 0, 0, 0, 0, 0, 0, 0]"
９月９日,"[1, 0, 0, 0, 0, 0, 0, 0, 0, 0]"
１２月９日,"[1, 0, 0, 0, 0, 0, 0, 0, 0, 0]"
