ま,と,も,担,当,と,し,て,頑,張,り,ま,す,ー,。, ,h,t,t,p,s,:,/,/,t,.,c,o,/,9,z,7,I,4,f,J,0,U,q
藤,森,さ,ん,は,ツ,ッ,コ,ミ,の,テ,ン,ポ,が,面,白,い,か,ら,、,一,人,だ,と,映,え,な,い,ん,だ,な,ぁ,、,、,、,と,。,"
","
",h,t,t,p,s,:,/,/,t,.,c,o,/,b,3,w,T,s,8,G,W,I,i
@,M,e,n,t,a,l,i,s,t,_,D,a,i,G,o, ,ほ,ん,ま,や,。,。,。
隙,あ,ら,ば,、,生,活,保,護,を,勧,め,て,い,て,、,「,ベ,ー,シ,ッ,ク,イ,ン,カ,ム,を,実,現,す,る,に,は,ど,う,し,た,ら,い,い,か,会,議,」,と,か,や,っ,て,た,り,す,る,お,い,ら,で,す,。,"
","
",ん,で,も,、,弱,者,切,り,捨,て,派,と,し,て,名,前,を,出,さ,れ,る,事,が,あ,る,ん,で,す,が,、,ど,う,し,て,な,ん,だ,ろ,う,？, ,h,t,t,p,s,:,/,/,t,.,c,o,/,z,4,Y,p,O,F,Z,v,r,X
レ,シ,ピ,通,り,、,蒸,気,で,5,分,蒸,し,て,み,た,写,真,。,"
","
",皮,の,部,分,は,、,甘,く,な,い,酸,っ,ぱ,い,サ,ツ,マ,イ,モ,の,よ,う,な,食,感,と,味,。,"
",タ,ネ,の,部,分,は,、,塩,味,の,な,い,苦,味,の,あ,る,き,ゅ,う,り,の,漬,物,の,よ,う,な,味,。,。,"
","
",甘,さ,が,皆,無,な,の,で,、,果,物,と,し,て,出,さ,れ,る,と,微,妙,。,"
","
",”,S,a,f,o,u,”,と,…, ,h,t,t,p,s,:,/,/,t,.,c,o,/,z,Q,c,P,c,N,L,g,M,v
や,し,ろ,さ,ん,の,家,に,遊,び,に,行,っ,た,ら,、,お,い,ら,は,犬,に,食,わ,れ,る,の,で,は,な,か,ろ,う,か,、,、,、,？,"
","
",ひ,ろ,ゆ,き,さ,ん,の,声,で,ご,飯,だ,と,勘,違,い,す,る,よ,う,に,な,っ,た,ウ,チ,の,犬,た,ち,の,悲,劇, ,h,t,t,p,s,:,/,/,t,.,c,o,/,6,E,6,B,g,T,u,n,s,Z
正,解,者,が,一,人,し,か,居,な,か,っ,た,の,で,、,謎,の,果,物,の,切,断,画,像,で,す,。, ,h,t,t,p,s,:,/,/,t,.,c,o,/,i,r,3,q,g,x,q,B,w,b
ス,ー,パ,ー,で,見,た,こ,と,な,い,果,物,が,あ,っ,た,の,で,、,買,っ,て,み,ま,し,た,。,"
","
",日,本,人,で,検,索,し,な,い,で,、,正,解,を,言,え,る,人,は,、,ほ,ぼ,居,な,い,の,で,は,な,い,か,と,。, ,h,t,t,p,s,:,/,/,t,.,c,o,/,U,t,b,N,v,z,F,L,H,L
元,の,t,w,e,e,t,で,フ,ラ,ン,ス,の,ニ,ュ,ー,ス,の,紹,介,で,あ,り,な,が,ら,、,キ,ー,ワ,ー,ド,を,混,ぜ,る,こ,と,で,、,ナ,チ,ス,ド,イ,ツ,に,触,れ,て,る,事,が,わ,か,る,人,が,ど,れ,く,ら,い,い,る,か,な,ぁ,、,、,、,と,書,き,ま,し,た,。,"
","
",早,速,反,応,が,あ,っ,た,の,で,、,t,w,i,t,t,e,r,面,白,い,。,…, ,h,t,t,p,s,:,/,/,t,.,c,o,/,7,T,i,B,S,c,K,8,C,H
人,種,差,別,発,言,を,し,た,と,し,て,、,約,2,6,0,万,円,の,罰,金,刑,を,受,け,る,ブ,リ,ジ,ッ,ト,・,バ,ル,ド,ー,さ,ん,。,"
","
",広,報,担,当,の,人,も,差,別,発,言,を,メ,デ,ィ,ア,に,送,る,手,伝,い,を,し,た,と,し,て,、,約,5,0,万,円,の,罰,金,。,"
","
",「,仕,事,だ,か,ら,」,と,か,で,許,さ,れ,ず,、,悪,い,こ,と,だ,か,ら,罰,す,る,べ,き,と,い,う,凡,庸,な,…, ,h,t,t,p,s,:,/,/,t,.,c,o,/,M,x,w,H,b,Y,l,8,P,Y
「,年,収,4,0,0,万,円,払,っ,て,日,本,人,を,雇,え,ば,い,い,じ,ゃ,ん,。,」,"
",と,し,か,思,え,な,い,お,い,ら,で,す,。,"
","
",賃,金,相,場,よ,り,も,安,く,雇,っ,て,利,益,を,あ,げ,た,い,と,い,う,ブ,ラ,ッ,ク,企,業,が,減,っ,た,ほ,う,が,社,会,が,良,く,な,る,と,思,い,ま,す,。,"
",h,t,t,p,s,:,/,/,t,.,c,o,/,k,v,0,n,M,4,W,e,7,D
武,井,壮,さ,ん,が,ノ,ー,ギ,ャ,ラ,で,や,っ,て,る,体,を,張,る,お,仕,事,が,無,料,で,観,ら,れ,ま,す,よ,。, ,h,t,t,p,s,:,/,/,t,.,c,o,/,X,j,V,V,M,Z,S,u,R,S
@,a,k,d,_,r, ,生,身,が,不,必,要,に,な,っ,て,る,昨,今,で,す,。,。,。
一,定,数,の,頭,の,お,か,し,な,人,が,、,幸,せ,そ,う,な,人,を,攻,撃,し,た,く,な,る,と,い,う,事,象,は,世,界,中,で,起,き,て,ま,す,。,"
","
",ん,で,、,幸,せ,そ,う,な,人,が,メ,デ,ィ,ア,で,発,言,す,る,の,は,、,頭,の,お,か,し,な,人,の,気,持,ち,を,逆,な,で,し,て,、,攻,撃,性,向,を,高,め,て,た,り,し,ま,す,。,"
","
",事,件,を,減,ら,す,の,に,繋,が,っ,て,お,ら,…, ,h,t,t,p,s,:,/,/,t,.,c,o,/,V,B,h,T,2,j,g,n,i,X
こ,の,物,語,は,フ,ィ,ク,シ,ョ,ン,で,す,。,登,場,す,る,人,物,・,団,体,・,名,称,等,は,架,空,で,あ,り,、,実,在,の,も,の,と,は,関,係,あ,り,ま,せ,ん,。, ,h,t,t,p,s,:,/,/,t,.,c,o,/,X,R,n,7,s,m,E,k,4,T
迷,惑,行,為,や,犯,罪,行,為,を,す,る,こ,と,で,、,承,認,欲,求,を,満,た,し,た,り,、,金,銭,的,な,メ,リ,ッ,ト,を,得,て,い,る,人,は,、,社,会,に,と,っ,て,良,く,な,い,と,い,う,こ,と,。,"
","
",人,目,を,引,く,た,め,に,、,迷,惑,行,為,や,犯,罪,行,為,を,し,た,人,を,担,ぎ,上,げ,る,人,達,も,あ,る,種,の,共,犯,行,為,だ,と,思,っ,て,い,ま,す,。,"
","
",聞,い,て,れ,…, ,h,t,t,p,s,:,/,/,t,.,c,o,/,E,2,N,7,E,n,H,c,a,d
動,画,で,ま,と,め,ら,れ,て,い,る,と,本,を,買,わ,な,く,て,も,内,容,が,わ,か,る,か,ら,便,利,。, ,"
","
",事,実,の,話,を,感,情,で,否,定,し,て,も,、,現,実,は,変,わ,ら,な,い,の,が,わ,か,ら,な,い,人,は,ま,だ,多,そ,う,で,す,ね,。,"
","
",「,雨,が,降,ら,な,い,と,い,い,な,ー,」,と,思,い,続,け,て,も,、,雨,を,止,め,る,こ,と,は,出,来,ま,せ,ん,。,"
",h,t,t,p,s,:,/,/,t,.,c,o,/,q,X,s,l,L,i,a,F,I,k
き,も,く,て,す,い,ま,せ,ん,！,！, ,h,t,t,p,s,:,/,/,t,.,c,o,/,D,u,d,Y,N,3,7,x,5,x
歳,を,取,っ,た,り,、,頭,が,硬,く,な,っ,た,人,は,、,デ,ジ,タ,ル,社,会,や,夫,婦,別,姓,は,な,ん,と,な,く,反,対,し,て,る,け,ど,、,個,別,の,困,っ,て,る,人,の,話,は,理,解,し,て,る,し,応,援,し,よ,う,と,し,て,る,と,い,う,事,が,番,組,内,で,可,視,化,で,き,ま,し,た,。,"
","
",亀,井,さ,ん,の,出,演,は,意,義,が,あ,っ,た,し,、,あ,り,が,た,か,っ,た,の,で,す,よ,…, ,h,t,t,p,s,:,/,/,t,.,c,o,/,F,8,J,K,f,6,6,i,8,K
千,代,田,区,だ,と,3,0,0,票,ぐ,ら,い,で,区,議,会,議,員,に,な,れ,た,り,す,る,の,で,、,千,代,田,区,に,若,者,が,大,量,に,引,っ,越,し,て,乗,っ,と,る,と,い,う,の,も,あ,り,な,の,で,は,、,、,、, ,h,t,t,p,s,:,/,/,t,.,c,o,/,V,I,S,W,Y,H,z,G,k,m
国,会,議,員,の,世,代,交,代,を,望,む,声,に,応,え,る,た,め,、,選,挙,で,当,選,し,て,、,ワ,ク,チ,ン,を,打,た,ず,、,無,症,状,の,新,型,コ,ロ,ナ,の,感,染,者,と,し,て,衆,議,院,の,本,会,議,に,毎,回,出,席,。,"
",衆,議,院,コ,ロ,ナ,ク,ラ,ス,タ,ー,を,起,こ,し,て,、,高,齢,議,員,を,軒,並,み,出,席,不,能,に,し,、,若,年,層,だ,け,で,法,案,を,可,決,さ,せ,る,と,い,う,S,F,を,思,い,つ,い,た,の,で,す,が,、,現,実,味,薄,い,で,す,か,ね,ぇ,？
お,ぉ,？,日,本,帰,国,が,増,え,そ,う,。,"
","
",前,ま,で,は,1,4,日,間,待,機,だ,っ,た,の,で,、,日,本,に,帰,っ,て,も,誰,に,も,会,わ,な,い,で,ず,っ,と,ア,パ,ー,ト,に,居,て,、,郵,便,物,を,受,け,取,っ,て,フ,ラ,ン,ス,に,戻,る,と,い,う,謎,の,行,動,を,し,て,ま,し,た,。,"
","
",h,t,t,p,s,:,/,/,t,.,c,o,/,P,7,l,c,X,Y,J,H,2,u
そ,ん,な,わ,け,で,、,衆,議,院,選,挙,の,勝,利,宣,言,や,り,ま,す,ー,。,"
","
",【,ひ,ろ,ゆ,き,】,ベ,ー,シ,ッ,ク,イ,ン,カ,ム,の,実,現,に,近,づ,い,た,よ,ね,会,議,の,巻,。,E,d,e,l,P,i,l,s,を,呑,み,な,が,ら,。,2,0,2,1,/,1,1,/,0,1, ,L,2,3, ,h,t,t,p,s,:,/,/,t,.,c,o,/,U,W,x,j,x,O,w,U,f,V
日,本,政,府,の,サ,ー,バ,事,業,者,の,選,定,に,関,し,て,、,"
",「,日,本,国,内,の,企,業,だ,と,セ,キ,ュ,リ,テ,ィ,が,足,り,て,無,い,」,と,か,デ,マ,を,流,す,人,が,い,ま,す,。,"
","
",セ,キ,ュ,リ,テ,ィ,レ,ベ,ル,が,政,府,に,認,め,ら,れ,て,い,る,国,内,企,業,は,あ,り,ま,す,し,、,現,状,の,自,治,体,の,シ,ス,テ,ム,は,国,内,企,業,で,運,用,出,来,て,る,と,こ,ろ,…, ,h,t,t,p,s,:,/,/,t,.,c,o,/,T,L,O,r,E,M,e,q,7,u
ハ,ー,ド,ウ,ェ,ア,の,話,は,し,て,な,い,の,で,す,が,ら,読,解,力,が,無,い,の,か,、,頭,が,悪,い,の,か,ど,ち,ら,で,す,か,？, ,h,t,t,p,s,:,/,/,t,.,c,o,/,Z,r,a,W,c,h,c,m,P,q
間,に,合,っ,た,感,！,"
",h,t,t,p,s,:,/,/,t,.,c,o,/,c,r,8,Y,I,i,6,7,A,Q
昭,和,の,時,代,か,ら,少,子,化,問,題,は,言,わ,れ,て,ま,し,た,。,"
","
",昭,和,、,平,成,時,代,の,方,が,若,者,比,率,は,高,か,っ,た,の,で,す,が,、,若,者,が,高,齢,者,を,説,得,す,る,の,は,出,来,ま,せ,ん,で,し,た,。,"
","
",代,わ,り,に,、,厚,生,年,金,、,健,康,保,険,料,、,大,学,の,学,費,は,上,が,り,続,け,ま,し,た,。,"
","
",綺,麗,事,を,言,い,た,い,だ,け,な,…, ,h,t,t,p,s,:,/,/,t,.,c,o,/,1,R,H,F,9,i,a,c,8,C
働,い,た,給,与,が,手,元,に,来,る,ま,で,。,"
","
",厚,生,年,金,で,−,2,0,%,→,使,う,の,は,老,人,"
",↓,"
",健,康,保,険,で,-,1,0,%,→,使,う,の,は,ほ,ぼ,老,人,"
",↓,"
",平,均,年,収,だ,と,所,得,税,-,2,0,%,"
",↓,"
",半,分,が,手,元,に,残,り,、,大,家,に,家,賃,を,払,い,、,奨,学,金,を,返,済,。,"
","
",既,に,若,者,を,搾,取,す,る,政,治,家,を,支,持,し,…, ,h,t,t,p,s,:,/,/,t,.,c,o,/,b,7,5,X,G,0,f,e,v,t
真,面,目,そ,う,な,人,ほ,ど,「,若,者,が,幸,せ,に,な,る,為,に,政,治,を,変,え,る,！,」,と,い,う,無,理,ゲ,ー,に,ハ,マ,り,ま,す,よ,ね,。,"
","
",考,え,方,や,生,活,習,慣,や,住,む,国,や,パ,ー,ト,ナ,ー,を,変,え,る,と,か,、,若,者,が,幸,せ,に,な,る,手,段,を,教,え,た,方,が,現,実,的,だ,と,思,い,ま,す,。,"
","
",日,本,人,女,性,の,平,均,年,齢,は,5,0,歳,超,え,…, ,h,t,t,p,s,:,/,/,t,.,c,o,/,v,x,b,C,h,B,e,4,m,K
「,モ,ン,ス,タ,ー,ハ,ン,タ,ー,面,白,い,!,」,と,な,る,と,、,臆,面,な,く,パ,ク,っ,て,面,白,そ,う,な,ゲ,ー,ム,を,作,る,中,国,文,化,。,"
",U,b,e,r,パ,ク,っ,た,り,A,i,r,b,n,b,パ,ク,っ,た,り,T,w,i,t,t,e,r,パ,ク,っ,た,り,す,る,事,で,、,中,国,の,企,業,が,利,益,を,上,げ,従,業,員,の,給,料,も,上,が,る,。,"
",パ,ク,リ,で,も,国,内,産,業,を,…, ,h,t,t,p,s,:,/,/,t,.,c,o,/,m,d,T,A,B,7,4,I,y,G
小,選,挙,区,制,で,は,、,若,者,票,を,集,め,て,支,持,率,2,0,%,取,っ,た,と,し,て,も,、,落,選,し,て,終,わ,り,で,す,。,。,と,い,う,の,を,昨,日,の,選,挙,を,見,れ,ば,わ,か,り,ま,す,よ,ね,。,"
","
",多,数,派,を,代,表,す,る,人,だ,け,が,勝,つ,の,が,小,選,挙,区,制,度,で,す,よ,。,。,。,と,。,"
",h,t,t,p,s,:,/,/,t,.,c,o,/,s,o,7,i,O,G,t,8,D,L
@,m,u,k,a,k,i,n,1,2,0,3, ,う,ひ,ょ,、,お,疲,れ,様,で,し,た,ー,。
フ,ラ,ン,ス,時,間,で,深,夜,3,時,(,),か,ら,1,1,時,ま,で,テ,レ,ビ,東,京,収,録,。,"
",1,2,時,2,0,分,か,ら,ア,ベ,プ,ラ,特,番,な,の,で,、,お,昼,を,食,べ,よ,う,と,思,っ,て,た,ら,、,サ,マ,ー,タ,イ,ム,時,間,変,更,で,1,1,時,2,0,分,か,ら,に,。,。,"
","
",睡,眠,不,足,＆,1,2,時,間,食,事,な,し,と,い,う,不,機,嫌,に,な,る,条,件,を,ば,っ,ち,り,満,…, ,h,t,t,p,s,:,/,/,t,.,c,o,/,V,O,y,6,H,Y,2,L,h,M
1,0,年,前,の,ニ,コ,ニ,コ,動,画,時,代,は,、,回,線,が,悪,く,音,質,も,悪,か,っ,た,の,で,、,ゆ,っ,く,り,ハ,キ,ハ,キ,喋,る,の,が,聴,き,や,す,い,時,代,。,"
",今,は,回,線,が,良,く,、,ス,マ,ホ,の,ス,ピ,ー,カ,ー,の,性,能,が,い,い,の,で,若,い,人,は,1,.,5,倍,速,で,聞,く,の,が,当,た,り,前,の,時,代,。,"
",ゆ,っ,く,り,喋,る,と,ま,ど,ろ,っ,こ,し,い,と,い,…, ,h,t,t,p,s,:,/,/,t,.,c,o,/,j,o,k,x,Q,K,W,B,A,h
マ,ニ,ア,ッ,ク,過,ぎ,る,。,。,。, ,h,t,t,p,s,:,/,/,t,.,c,o,/,H,s,N,f,P,q,k,O,c,e
働,い,て,る,人,は,、,本,来,の,給,料,の,1,8,.,3,%,が,厚,生,年,金,保,険,料,と,し,て,取,ら,れ,て,ま,す,。,"
",労,働,者,の,将,来,の,積,み,立,て,で,は,な,く,、,現,在,の,高,齢,者,の,年,金,に,使,わ,れ,る,お,金,で,す,。,"
","
",「,分,断,を,煽,る,な,」,と,い,う,人,は,、,若,者,が,搾,取,さ,れ,る,事,に,対,し,て,「,若,者,は,文,句,言,う,な,。,黙,っ,て,金,…, ,h,t,t,p,s,:,/,/,t,.,c,o,/,8,c,Z,6,6,h,d,A,H,t
「,ネ,ッ,ト,投,票,」,と,か,「,若,者,は,2,票,」,と,か,理,想,の,選,挙,案,を,言,う,人,は,居,ま,す,が,、,既,存,の,高,齢,者,票,で,受,か,っ,た,政,治,家,が,自,分,が,落,ち,る,可,能,性,の,あ,る,選,挙,制,度,に,変,え,る,事,は,な,い,で,す,。,"
","
",そ,し,て,、,高,齢,者,と,信,者,の,支,持,す,る,政,治,家,が,当,選,し,続,け,る,と,。,。,。,"
",h,t,t,p,s,:,/,/,t,.,c,o,/,y,I,K,V,y,a,T,3,K,8
現,状,、,学,校,に,通,っ,て,い,る,子,供,た,ち,が,新,型,コ,ロ,ナ,の,感,染,を,防,ぐ,の,は,か,な,り,難,し,い,で,す,。,"
","
",ワ,ク,チ,ン,を,打,て,な,い,体,質,の,高,齢,者,と,同,居,し,て,る,場,合,や,、,肥,満,な,ど,の,重,篤,化,リ,ス,ク,要,因,を,持,っ,て,る,児,童,は,、,ワ,ク,チ,ン,を,接,種,し,た,方,が,不,幸,は,防,げ,る,と,思,い,ま,す,。, ,h,t,t,p,s,:,/,/,t,.,c,o,/,Z,l,o,Y,W,F,u,t,E,3
@,s,h,i,g,e,r,u,i,s,h,i,b,a, ,ブ,ロ,グ,に,書,い,て,あ,る,Y,o,u,T,u,b,e,の,リ,ン,ク,が,ク,リ,ッ,ク,し,て,も,飛,べ,な,い,。,。,。,"
","
",h,t,t,p,s,:,/,/,t,.,c,o,/,V,g,f,O,O,I,r,M,Z,f
女,性,に,翻,弄,さ,れ,が,ち,な,小,学,生,で,す,。, ,h,t,t,p,s,:,/,/,t,.,c,o,/,M,0,k,d,h,a,B,y,l,L
ア,メ,リ,カ,で,は,、,フ,ァ,イ,ザ,ー,の,新,型,コ,ロ,ナ,ワ,ク,チ,ン,が,5,歳,か,ら,接,種,で,き,る,よ,う,に,な,り,ま,し,た,。,"
",欧,州,も,時,間,の,問,題,で,追,随,す,る,の,で,、,日,本,も,来,年,ぐ,ら,い,に,は,小,学,生,へ,の,接,種,が,は,じ,ま,る,予,感,。, ,h,t,t,p,s,:,/,/,t,.,c,o,/,E,n,4,L,I,U,s,6,7,8
全,体,が,下,が,っ,て,る,時,代,は,、,み,ん,な,と,同,じ,こ,と,を,や,っ,て,い,る,と,同,じ,よ,う,に,下,が,っ,て,い,く,の,で,、,他,の,人,が,や,ら,な,い,こ,と,に,目,を,向,け,な,い,と,い,け,な,い,時,代,だ,っ,た,り,し,ま,す,よ,ね,。,。,。,と,。,"
","
",h,t,t,p,s,:,/,/,t,.,c,o,/,o,a,4,X,r,9,c,i,l,8
「,海,外,に,売,れ,る,も,の,を,作,ろ,う,」,と,頑,張,っ,て,い,た,昭,和,で,す,が,、,安,か,ろ,う,悪,か,ろ,う,で,日,本,国,内,で,し,か,売,れ,な,い,も,の,を,作,っ,て,る,の,で,、,経,済,成,長,も,し,て,な,い,日,本,で,す,。,"
","
",商,品,を,買,う,と,、,メ,ー,カ,ー,は,そ,の,商,品,を,増,や,そ,う,と,す,る,の,で,、,粗,悪,品,を,買,う,人,は,粗,悪,品,を,増,や,す,…, ,h,t,t,p,s,:,/,/,t,.,c,o,/,G,l,K,L,H,Z,e,G,T,F
既,に,妊,娠,し,て,る,の,に,妊,活,中,と,し,て,記,事,を,書,い,て,た,、,は,あ,ち,ゅ,う,さ,ん,。,"
","
",「,そ,ら,あ,か,ん,や,ろ,」,と,書,い,た,ト,イ,ア,ン,ナ,さ,ん,。,"
",ト,イ,ア,ン,ナ,さ,ん,と,記,事,を,載,せ,た,ガ,ジ,ェ,ッ,ト,通,信,が,、,は,あ,ち,ゅ,う,さ,ん,か,ら,訴,え,ら,れ,る,。,"
","
",東,京,地,裁,「,妊,娠,し,て,る,の,に,『,リ,ア,ル,タ,イ,ム,で,…, ,h,t,t,p,s,:,/,/,t,.,c,o,/,E,d,2,S,8,c,t,O,Y,b
先,日,、,は,あ,ち,ゅ,う,さ,ん,に,訴,え,ら,れ,て,勝,訴,し,た,某,ブ,ラ,ジ,ル,社,と,ト,イ,ア,ン,ナ,さ,ん,。,"
","
",今,度,は,、,青,汁,王,子,さ,ん,と,コ,レ,コ,レ,さ,ん,の,所,属,す,る,ラ,イ,バ,ー,社,が,揉,め,て,る,の,で,す,が,、,某,ブ,ラ,ジ,ル,社,が,ラ,イ,バ,ー,社,に,訴,え,ら,れ,ま,し,た,、,、,、,と,い,う,話,を,解,説,す,る,青,汁,王,子,。,"
","
",h,t,t,p,s,:,/,/,t,.,c,o,/,V,1,v,K,P,N,O,B,a,W
デ,ジ,タ,ル,庁,の,仕,事,は,5,0,年,以,上,日,本,国,内,で,1,億,人,が,使,い,続,け,る,仕,組,み,な,の,で,、,1,0,年,か,け,て,も,育,て,る,と,い,う,気,概,を,持,つ,べ,き,だ,と,思,い,ま,す,。,"
","
",ヨ,ー,ロ,ッ,パ,は,、,E,U,市,民,の,個,人,情,報,を,保,存,す,る,た,め,に,は,、,基,本,的,に,ヨ,ー,ロ,ッ,パ,内,の,デ,ー,タ,セ,ン,タ,ー,を,使,わ,な,い,と,い,…, ,h,t,t,p,s,:,/,/,t,.,c,o,/,v,y,r,6,E,H,D,C,4,T
デ,ジ,タ,ル,庁,は,国,民,の,デ,ー,タ,保,存,に,ア,マ,ゾ,ン,と,グ,ー,グ,ル,を,採,用,。,"
","
",既,存,の,省,庁,な,ら,実,績,の,あ,る,と,こ,ろ,に,流,れ,る,の,は,仕,方,な,い,で,す,が,、,デ,ジ,タ,ル,庁,は,必,要,な,A,P,I,を,日,本,の,サ,ー,バ,事,業,者,に,実,装,さ,せ,て,、,役,所,の,手,続,き,と,不,随,す,る,業,務,の,お,金,を,国,内,に,回,す,ぐ,ら,い,の,気,…, ,h,t,t,p,s,:,/,/,t,.,c,o,/,M,O,o,5,R,M,W,x,M,C
F,F,1,4,を,V,R,ヘ,ッ,ド,セ,ッ,ト,で,見,ら,れ,る,よ,う,に,す,る,の,は,技,術,的,に,は,そ,こ,ま,で,難,し,く,な,い,で,す,。,"
","
",V,R,c,h,a,t,に,シ,ビ,ア,な,当,た,り,判,定,入,れ,て,戦,闘,出,来,て,通,貨,の,あ,る,経,済,圏,を,作,る,に,は,、,課,金,ユ,ー,ザ,ー,を,大,量,に,集,め,な,い,と,い,け,な,い,で,す,。,"
",メ,タ,バ,ー,ス,の,実,現,は,7,…, ,h,t,t,p,s,:,/,/,t,.,c,o,/,t,U,k,F,P,u,f,S,C,u
皇,族,で,あ,る,間,は,、,一,般,市,民,で,は,な,い,の,で,、,カ,メ,ラ,で,追,い,回,さ,れ,る,の,は,仕,方,な,い,面,も,あ,っ,た,と,思,い,ま,す,。,"
","
",一,般,人,に,な,る,事,を,選,ん,だ,人,が,免,許,を,取,り,に,い,く,の,を,撮,っ,て,速,報,と,し,て,流,す,こ,と,に,、,ど,う,い,う,公,益,性,が,あ,る,の,か,わ,か,ら,な,い,お,い,ら,で,す,。
こ,り,ゃ,、,日,本,に,住,み,づ,ら,い,わ,け,だ,。, ,h,t,t,p,s,:,/,/,t,.,c,o,/,q,l,Y,F,i,q,q,j,E,B
@,a,k,d,_,r, ,ワ,ー,ル,ド,に,5,0,人,し,か,入,れ,な,い,と,か,、,制,約,多,す,ぎ,ま,し,た,よ,ね,。,。,。
余,命,宣,告,さ,れ,た,時,間,よ,り,も,長,く,時,間,を,過,ご,せ,た,の,は,、,薄,子,さ,ん,と,力,也,さ,ん,の,二,人,の,力,だ,と,思,い,ま,す,。,"
","
",薄,子,さ,ん,も,ゆ,っ,く,り,休,ん,で,く,だ,さ,い,。, ,h,t,t,p,s,:,/,/,t,.,c,o,/,A,U,z,X,L,I,w,F,9,R
仮,想,世,界,で,着,替,え,た,り,、,ゲ,ー,ム,や,麻,雀,し,た,り,、,バ,ト,ル,し,た,り,し,て,暮,ら,す,"""",メ,タ,バ,ー,ス,"""",が,I,T,業,界,で,流,行,っ,て,ま,す,。,"
",全,世,界,で,7,0,万,人,以,上,が,月,額,課,金,し,て,、,8,年,前,か,ら,あ,る,日,本,の,サ,ー,ビ,ス,が,先,行,し,て,る,の,に,気,づ,い,て,な,い,人,多,い,ん,で,す,よ,ね,。,"
","""",フ,ァ,イ,ナ,ル,…, ,h,t,t,p,s,:,/,/,t,.,c,o,/,W,s,c,j,T,c,e,r,b,m
@,t,a,k,a,h,a,s,h,i,_,n,t,u, ,本,文,の,内,容,を,紹,介,す,る,と,か,、,書,い,た,時,の,感,想,と,か,、,ツ,イ,ー,ト,の,文,字,数,も,増,や,し,た,方,が,い,い,予,感,で,す,。
@,h,e,y,k,u,r,o,1, ,う,へ,へ,。
目,を,離,す,と,、,2,億,円,が,無,く,な,る,よ,う,な,ポ,ジ,シ,ョ,ン,を,持,っ,て,日,常,生,活,す,る,と,か,無,理,。,。,。, ,h,t,t,p,s,:,/,/,t,.,c,o,/,Q,f,7,k,m,2,E,l,v,a
@,h,e,y,k,u,r,o,1, ,お,ぉ,、,、,お,い,ら,も,い,つ,か,。,。,。
が,ん,ば,っ,て,く,だ,さ,い,ー,。, ,h,t,t,p,s,:,/,/,t,.,c,o,/,J,G,x,1,g,n,l,J,W,Q
「,ひ,ろ,ゆ,き,さ,ん,に,反,撃,！,若,者,は,選,挙,に,行,く,べ,き,で,す,！,」,"
",と,い,う,わ,け,で,、,反,撃,さ,れ,に,ノ,コ,ノ,コ,と,出,演,し,て,た,り,す,る,お,い,ら,で,す,。,"
","
",h,t,t,p,s,:,/,/,t,.,c,o,/,C,s,R,h,J,M,g,W,J,G
応,援,演,説,を,す,る,人,と,し,て,の,麻,生,さ,ん,は,ア,レ,で,す,け,ど,、,「,後,期,高,齢,者,の,窓,口,負,担,２,割,に,引,き,上,げ,」,と,か,、,高,齢,者,の,負,担,を,増,や,し,て,現,役,世,代,の,負,担,を,軽,減,し,ま,し,た,。,"
","
",菅,総,理,と,麻,生,副,総,理,の,政,治,家,と,し,て,の,実,務,能,力,は,高,く,評,価,し,て,い,る,お,い,ら,で,す,。,…, ,h,t,t,p,s,:,/,/,t,.,c,o,/,t,M,f,D,2,G,7,3,G,i
「,米,が,う,ま,い,の,は,、,温,暖,化,の,お,か,げ,」,"
",麻,生,さ,ん,、,悪,気,は,全,く,無,く,て,、,む,し,ろ,北,海,道,の,人,に,喜,ん,で,貰,お,う,と,思,っ,て,言,っ,た,は,ず,な,ん,で,す,よ,ね,。,"
","
",そ,も,そ,も,、,応,援,演,説,だ,し,。,"
","
",有,能,で,は,な,い,の,に,や,る,気,の,あ,る,人,は,、,表,に,出,す,べ,き,で,は,な,い,と,い,う,例,が,ま,た,増,え,…, ,h,t,t,p,s,:,/,/,t,.,c,o,/,l,Z,F,i,f,I,f,C,Q,h
@,K,e,n,t,_,G,o,l,e,m,e,s,h,i, ,文,章,の,問,題,じ,ゃ,な,く,て,、,け,ん,つ,め,し,さ,ん,の,行,動,が,鬼,畜,の,予,感,。,。,。
『,ク,ラ,ッ,シ,ュ,ロ,ワ,イ,ヤ,ル,』,と,い,う,ゲ,ー,ム,で,、,性,能,の,わ,か,ら,な,い,新,キ,ャ,ラ,を,使,う,プ,ロ,ゲ,ー,マ,ー,に,、,ボ,コ,ボ,コ,に,さ,れ,る,動,画,。,"
","
",h,t,t,p,s,:,/,/,t,.,c,o,/,8,r,n,r,T,i,Q,b,6,X
@,u,e,k,k,y, ,ひ,げ,お,や,じ,さ,ん,の,絵,は,詐,欺,だ,と,思,い,ま,す,。
限,ら,れ,た,人,生,を,費,や,し,て,手,に,入,れ,た,お,金,の,何,割,が,自,由,に,使,え,ま,す,か,？,"
","
",税,金,や,家,賃,に,半,分,以,上,取,ら,れ,て,い,る,人,は,誰,の,為,に,働,い,て,る,の,で,す,か,？,"
","
",「,肉,屋,を,応,援,す,る,豚,が,多,い,」,と,何,度,か,書,い,た,の,で,す,が,、,豚,な,の,に,自,分,を,肉,屋,だ,と,思,い,込,ん,で,る,の,が,原,因,な,ん,だ,…, ,h,t,t,p,s,:,/,/,t,.,c,o,/,s,r,x,L,B,c,f,B,Y,G
オ,チ,が,良,か,っ,た,で,す,。, ,h,t,t,p,s,:,/,/,t,.,c,o,/,O,G,A,u,9,B,U,0,v,o
良,く,太,っ,た,豚,は,、,食,べ,る,と,美,味,し,い,で,す,よ,。, ,h,t,t,p,s,:,/,/,t,.,c,o,/,B,R,8,n,J,f,S,j,l,N
小,泉,進,次,郎,さ,ん,流,石,。,"
","
",ペ,ッ,ト,産,業,の,金,儲,け,の,た,め,に,障,害,の,あ,る,動,物,を,増,や,す,事,を,違,法,に,し,て,た,ん,で,す,ね,。,"
","
",環,境,省,令,⁑,「,遺,伝,性,疾,患,等,の,問,題,を,生,じ,さ,せ,る,お,そ,れ,の,あ,る,組,合,せ,に,よ,っ,て,繁,殖,を,さ,せ,な,い,こ,と,」, ,h,t,t,p,s,:,/,/,t,.,c,o,/,a,r,R,1,F,7,0,b,o,M
結,婚,時,、,植,木,博,之,も,面,白,い,か,と,思,っ,て,た,ん,で,す,が,、,「,会,社,役,員,だ,と,、,全,て,の,関,わ,る,法,人,の,登,記,簿,謄,本,の,書,き,換,え,が,必,要,に,な,り,お,金,も,か,か,る,し,め,ん,ど,く,さ,い,よ,」,と,、,"
",@,d,a,i,t,o,j,i,m,a,r,i, ,さ,ん,に,言,わ,れ,て,コ,ス,パ,で,西,村,が,継,続,す,る,事,に,な,り,ま,し,た,。, ,h,t,t,p,s,:,/,/,t,.,c,o,/,d,6,m,t,g,F,v,4,W,U
妻,が,苗,字,を,変,え,た,く,な,い,の,で,あ,れ,ば,、,夫,が,苗,字,を,変,え,て,結,婚,す,る,こ,と,も,出,来,ま,す,。,"
",「,妻,が,苗,字,を,変,え,な,い,事,で,子,供,に,不,利,益,が,あ,る,」,と,か,、,妻,が,名,前,を,変,え,る,べ,き,で,自,分,は,変,え,る,必,要,が,な,い,と,信,じ,込,ん,で,る,。,"
",「,貴,方,が,変,え,た,く,な,い,よ,う,に,妻,も,変,え,た,く,な,い,…, ,h,t,t,p,s,:,/,/,t,.,c,o,/,9,4,Y,f,s,E,H,H,E,G
「,好,き,を,仕,事,に,」,を,選,ぶ,と,、,美,容,師,や,テ,レ,ビ,の,A,D,や,声,優,な,ど,、,恐,ろ,し,く,時,給,が,低,い,か,サ,ー,ビ,ス,残,業,だ,ら,け,の,ブ,ラ,ッ,ク,な,仕,事,に,な,る,事,が,多,い,で,す,。,"
","
",「,幸,せ,な,時,間,を,確,保,す,る,た,め,に,、,仕,事,を,選,ぶ,」,ぐ,ら,い,の,方,が,幸,せ,な,時,間,の,総,量,が,増,え,る,し,、,長,く,続,け,ら,れ,…, ,h,t,t,p,s,:,/,/,t,.,c,o,/,p,2,s,l,U,v,T,d,s,J
う,へ,。,。,。, ,h,t,t,p,s,:,/,/,t,.,c,o,/,j,T,i,A,O,9,D,D,g,N
真,面,目,な,選,挙,特,番,は,他,の,テ,レ,ビ,局,に,任,せ,て,振,り,切,っ,た,キ,ャ,ス,テ,ィ,ン,グ,を,す,る,a,b,e,m,a,の,選,挙,番,組,。,"
","
",ち,な,み,に,、,お,い,ら,は,在,外,投,票,済,み,で,す,。,"
","
",h,t,t,p,s,:,/,/,t,.,c,o,/,B,Y,W,N,D,e,o,v,d,M, ,h,t,t,p,s,:,/,/,t,.,c,o,/,L,0,K,9,1,z,b,P,j,j
世,界,中,で,流,行,っ,て,る,『,イ,カ,ゲ,ー,ム,』,で,す,が,、,海,外,で,は,イ,カ,ゲ,ー,ム,の,内,容,を,模,し,た,イ,ジ,メ,が,あ,っ,た,り,し,ま,す,。,"
","
",「,『,イ,カ,ゲ,ー,ム,』,は,グ,ロ,い,表,現,な,ど,あ,る,の,で,、,1,6,歳,以,下,の,子,供,に,見,せ,て,は,い,け,ま,せ,ん,。,」,と,学,校,の,先,生,か,ら,親,に,チ,ラ,シ,が,配,ら,れ,た,り,し,て,る,よ,う,…, ,h,t,t,p,s,:,/,/,t,.,c,o,/,U,X,U,r,4,M,m,C,e,G
社,会,や,経,済,に,関,す,る,話,だ,と,、,誰,で,あ,れ,手,に,入,る,情,報,は,あ,ま,り,変,わ,ら,な,い,の,で,、,合,理,的,に,考,え,る,人,は,現,状,認,識,や,未,来,予,測,が,似,通,る,こ,と,が,多,い,で,す,。,"
","
",と,い,う,こ,と,で,、,経,済,や,社,会,に,対,す,る,認,識,が,実,は,結,構,一,致,し,て,る,竹,中,平,蔵,さ,ん,と,お,い,ら,だ,っ,た,り,し,ま,す,。,。,。,…, ,h,t,t,p,s,:,/,/,t,.,c,o,/,w,i,g,a,O,0,T,r,W,D
｢,妻,や,上,司,を,論,破,し,て,は,い,け,な,い,｣,こ,れ,だ,け,の,理,由, ,"
",h,t,t,p,s,:,/,/,t,.,c,o,/,i,e,Y,l,o,N,x,I,o,y, ,"
","
",大,事,。,大,事,。,"
","
",論,破,と,か,二,流,の,や,る,こ,と,で,す,よ,。
年,金,以,外,の,投,資,機,関,や,個,人,投,資,家,な,ど,が,東,証,の,株,を,買,い,ま,く,っ,て,い,れ,ば,、,年,金,の,東,証,一,部,の,持,ち,株,比,率,は,減,り,ま,す,。,"
",年,金,だ,け,が,突,出,し,て,東,証,一,部,株,を,買,い,越,し,て,る,の,で,、,結,果,と,し,て,、,持,ち,株,比,率,が,上,昇,し,て,る,の,が,問,題,と,い,う,こ,と,で,す,。,"
",他,の,人,が,買,わ,な,い,…, ,h,t,t,p,s,:,/,/,t,.,c,o,/,A,q,k,h,j,2,t,u,m,K
「,株,価,が,あ,が,っ,た,か,ら,配,当,金,が,増,え,た,」,は,ウ,ソ,で,す,。,"
","
",配,当,金,は,株,価,と,は,ま,っ,た,く,関,係,な,く,、,1,株,当,た,り,何,円,で,配,ら,れ,る,も,の,で,す,。, ,h,t,t,p,s,:,/,/,t,.,c,o,/,O,k,O,G,X,3,e,S,f,p
年,金,は,2,0,2,0,年,も,買,い,越,し,て,る,の,で,、,一,部,売,っ,て,る,と,し,て,も,結,局,は,買,い,続,け,る,こ,と,で,株,価,を,維,持,す,る,と,い,う,機,能,を,辞,め,る,こ,と,が,出,来,な,い,と,い,う,話,で,す,。,"
","
",売,り,越,し,を,認,め,る,と,当,然,株,価,が,下,落,す,る,の,で,、,誰,が,首,相,に,な,っ,て,株,価,が,下,が,る,行,為,は,認,め,な,い,だ,ろ,…, ,h,t,t,p,s,:,/,/,t,.,c,o,/,D,G,a,y,H,c,m,m,7,v
株,は,売,っ,て,、,利,益,を,確,定,さ,せ,て,初,め,て,「,儲,け,た,」,と,言,え,ま,す,。,"
","
",東,証,１,部,上,場,企,業,の,時,価,総,額,の,７,％,を,年,金,積,立,金,が,持,っ,て,ま,す,け,ど,、,売,り,だ,し,た,ら,日,経,平,均,大,暴,落,で,す,。,"
","
",果,た,し,て,、,売,れ,る,政,権,が,出,て,く,る,の,か,ど,う,か,。,。,。,"
",h,t,t,p,s,:,/,/,t,.,c,o,/,X,z,B,Q,i,x,k,w,c,n
そ,ん,な,わ,け,で,、,深,夜,で,す,け,ど,、,早,朝,の,ふ,り,再,び,。, ,h,t,t,p,s,:,/,/,t,.,c,o,/,F,n,3,X,W,l,Q,V,C,r
普,通,に,ひ,ろ,ゆ,き,さ,ん,の,答,え,だ,と,お,も,っ,て,た,ら,違,っ,て,た,り,、,ひ,ろ,ゆ,き,さ,ん,は,こ,ん,な,こ,と,言,わ,な,い,だ,ろ,と,思,っ,て,た,ら,言,っ,て,た,り,で,正,解,率,が,低,か,っ,た,お,い,ら,で,す,。,"
","
",h,t,t,p,s,:,/,/,t,.,c,o,/,E,L,2,f,P,f,H,O,T,z
「,子,ど,も,1,人,に,つ,き,1,0,0,0,万,円,を,支,給,」,"
","
",お,金,目,当,て,で,児,童,虐,待,が,増,え,る,問,題,は,、,児,童,虐,待,を,通,報,し,た,ら,懸,賞,金,が,も,ら,え,る,仕,組,み,と,、,親,の,財,産,を,差,し,押,さ,え,る,仕,組,み,を,入,れ,れ,ば,い,い,の,で,は,な,い,か,な,、,、,と,。,"
","
",2,年,前,ぐ,ら,い,に,言,っ,て,た,事,が,現,実,味,を,帯,び,…, ,h,t,t,p,s,:,/,/,t,.,c,o,/,4,D,S,L,9,G,g,V,u,t
こ,の,漫,画,は,フ,ィ,ク,シ,ョ,ン,で,す,。,実,在,の,人,物,や,団,体,な,ど,と,は,関,係,あ,り,ま,せ,ん,。,。,。, ,h,t,t,p,s,:,/,/,t,.,c,o,/,X,s,P,G,R,y,k,1,c,P
事,故,が,起,き,た,時,点,で,、,1,1,0,番,通,報,す,る,か,、,救,急,車,を,呼,ん,で,人,身,事,故,扱,い,に,す,る,と,、,警,察,が,本,気,で,調,べ,て,く,れ,ま,す,よ,。, ,h,t,t,p,s,:,/,/,t,.,c,o,/,6,G,8,T,H,R,W,x,a,r
ア,メ,リ,カ,留,学,す,る,の,で,、,保,健,所,で,風,疹,の,予,防,摂,取,を,受,け,た,。,"
","
",ア,ー,カ,ン,ソ,ー,州,の,大,学,で,「,予,防,接,種,を,受,け,て,る,か,わ,か,ら,ん,か,ら,外,国,か,ら,来,る,や,つ,は,全,員,受,け,ろ,」,と,2,回,目,の,接,種,。,"
","
",フ,ラ,ン,ス,で,、,予,防,接,種,の,記,録,が,な,い,な,ら,抗,体,検,査,す,る,よ,り,打,っ,た,方,が,早,い,…, ,h,t,t,p,s,:,/,/,t,.,c,o,/,R,7,y,e,q,2,X,f,J,3
若,い,う,ち,か,ら,、,デ,ー,タ,と,証,拠,で,納,得,出,来,る,理,解,力,が,あ,る,の,は,優,秀,。,"
","
",大,人,で,数,字,出,さ,れ,て,も,理,解,出,来,な,い,人,は,多,く,い,ま,す,か,ら,ね,。,。,。, ,h,t,t,p,s,:,/,/,t,.,c,o,/,T,o,P,N,2,C,d,y,M,w
フ,ラ,ン,ス,だ,と,、,魚,は,切,り,身,で,買,っ,て,焼,い,て,食,べ,る,文,化,な,の,で,、,秋,刀,魚,や,鰯,な,ど,の,家,庭,で,捌,く,必,要,の,あ,る,魚,は,需,要,が,な,い,予,感,。,"
","
",秋,刀,魚,の,小,骨,を,フ,ォ,ー,ク,と,ナ,イ,フ,で,ど,う,や,っ,て,外,し,て,食,う,の,か,わ,か,ら,ん,し,。,。,。, ,h,t,t,p,s,:,/,/,t,.,c,o,/,n,p,e,0,k,z,Q,A,R,O
新,型,コ,ロ,ナ,ウ,イ,ル,ス,ワ,ク,チ,ン,の,ブ,ー,ス,タ,ー,摂,取,は,、,モ,デ,ル,ナ,か,フ,ァ,イ,ザ,ー,の,接,種,し,て,な,い,方,を,受,け,る,の,が,最,強,の,よ,う,で,す,。,"
",ジ,ョ,ン,ソ,ン,&,a,m,p,;,ジ,ョ,ン,ソ,ン,の,ワ,ク,チ,ン,は,避,け,れ,る,な,ら,避,け,た,方,が,良,さ,そ,う,な,結,果,に,。,。,。, ,h,t,t,p,s,:,/,/,t,.,c,o,/,6,F,D,7,K,D,a,t,q,Q
シ,ン,ガ,ポ,ー,ル,で,秋,刀,魚,の,入,手,は,大,変,そ,う,。,。,。,"
","
",パ,リ,で,、,秋,刀,魚,は,見,た,こ,と,が,な,い,お,い,ら,で,す,。, ,h,t,t,p,s,:,/,/,t,.,c,o,/,r,t,l,q,a,E,U,T,F,g
減,税,に,反,対,す,る,人,が,5,7,%,。,"
","
",肉,屋,を,応,援,す,る,豚,が,多,い,と,、,肉,屋,の,主,人,は,楽,で,す,よ,ね,。,"
","
",h,t,t,p,s,:,/,/,t,.,c,o,/,q,O,k,p,v,u,I,r,d,E
無,免,許,運,転,で,人,身,事,故,を,起,こ,し,て,も,逮,捕,さ,れ,な,い,し,、,議,員,も,続,け,ら,れ,て,議,員,報,酬,も,貰,え,て,る,っ,て,の,が,、,上,級,国,民,感,あ,り,ま,す,よ,ね,。,。,。,と,。,"
","
",h,t,t,p,s,:,/,/,t,.,c,o,/,7,R,v,r,X,u,O,J,9,z
さ,か,な,ク,ン,さ,ん,が,帽,子,脱,い,だ,ら,大,変,な,こ,と,に,な,る,よ,。, ,h,t,t,p,s,:,/,/,t,.,c,o,/,o,D,U,C,I,h,e,S,A,t
仮,病,と,か,で,無,け,れ,ば,、,公,務,員,が,小,説,出,版,す,る,と,か,好,き,に,す,れ,ば,い,い,の,に,、,な,ん,で,懲,戒,処,分,に,な,る,の,か,わ,か,ら,な,い,お,い,ら,で,す,。,"
","
",h,t,t,p,s,:,/,/,t,.,c,o,/,e,r,r,x,D,S,x,y,u,A
@,s,h,u,_,U,T, ,ブ,ヒ,ブ,ヒ,？
@,s,h,u,_,U,T, ,し,ゅ,っ,し,ゅ,っ
@,r,i,o,_,m,i,z,u,i,r,o, ,お,疲,れ,様,で,し,た,ー,。
子,供,が,永,遠,に,子,供,の,ま,ま,で,い,る,と,考,え,る,頭,の,悪,い,人,が,、,順,位,を,つ,け,な,い,教,育,と,か,、,キ,ラ,キ,ラ,ネ,ー,ム,と,か,を,や,り,た,が,る,気,が,し,ま,す,。,"
","
",学,校,は,子,供,が,競,争,の,あ,る,社,会,に,出,る,準,備,を,す,る,場,所,な,の,に,ね,。,。,。,"
",h,t,t,p,s,:,/,/,t,.,c,o,/,n,Y,8,d,u,E,H,j,p,N
@,i,y,o,k,a,n,_,n,i,c,o, ,袋,を,逆,向,き,に,入,れ,て,い,た,事,。,"
",そ,れ,に,気,づ,か,な,い,で,出,し,た,事,。,"
",リ,カ,バ,リ,ー,す,る,反,射,神,経,が,な,い,事,"
","
",全,て,の,事,象,に,運,が,入,り,込,む,余,地,は,な,く,、,伊,予,柑,の,能,力,の,問,題,だ,と,思,わ,れ,。,。
@,i,y,o,k,a,n,_,n,i,c,o, ,頭,だ,と,思,う,。,。,。
